Fiscal Year,Region,Sales Channel,Product Category,Revenue (USD Millions),Units Sold
2024,Greater China,Direct,Apparel,86.77,4424
2024,APLA,Wholesale,Equipment,93.55,466
2024,North America,Direct,Apparel,99.68,627
2024,Greater China,Direct,Equipment,81.64,4986
2024,Greater China,Direct,Footwear,77.84,3818
2024,APLA,Direct,Footwear,29.4,3709
2024,North America,Direct,Apparel,40.24,4035
2024,North America,Wholesale,Apparel,51.91,4719
2024,Greater China,Wholesale,Apparel,79.6,2253
2024,EMEA,Direct,Equipment,92.35,2008
2024,Greater China,Direct,Apparel,27.02,3112
2024,Greater China,Direct,Footwear,93.01,4328
2024,Greater China,Wholesale,Equipment,72.61,3122
2024,Greater China,Direct,Apparel,64.97,3583
2024,APLA,Wholesale,Equipment,27.99,2820
2024,North America,Wholesale,Equipment,15.0,1870
2024,APLA,Wholesale,Apparel,61.16,4213
2024,APLA,Direct,Equipment,68.64,1877
2024,APLA,Wholesale,Footwear,28.97,4312
2024,Greater China,Direct,Footwear,60.08,897
2024,EMEA,Wholesale,Equipment,87.08,3315
2024,North America,Direct,Apparel,85.16,3888
2024,EMEA,Wholesale,Equipment,93.46,3076
2024,APLA,Direct,Footwear,42.93,3837
2024,APLA,Wholesale,Equipment,38.62,1811
2024,EMEA,Direct,Equipment,77.45,852
2024,EMEA,Direct,Footwear,48.8,2569
2024,EMEA,Direct,Equipment,17.88,4069
2024,APLA,Direct,Equipment,35.45,1492
2024,APLA,Wholesale,Apparel,47.67,2705
2024,North America,Wholesale,Apparel,36.33,777
2024,North America,Direct,Footwear,39.9,205
2024,APLA,Wholesale,Footwear,36.44,3387
2024,EMEA,Direct,Footwear,13.73,4853
2024,EMEA,Direct,Apparel,67.34,2046
2024,North America,Wholesale,Footwear,63.76,1195
2024,APLA,Direct,Footwear,68.8,1882
2024,North America,Direct,Footwear,27.31,4641
2024,North America,Wholesale,Apparel,36.61,3357
2024,Greater China,Direct,Equipment,65.77,2097
2024,Greater China,Direct,Footwear,63.97,4969
2024,Greater China,Direct,Equipment,55.57,1661
2024,EMEA,Direct,Footwear,41.54,4106
2024,APLA,Wholesale,Equipment,92.16,1775
2024,APLA,Wholesale,Apparel,40.58,1222
2024,APLA,Wholesale,Apparel,51.01,4081
2024,APLA,Direct,Footwear,71.03,1401
2024,Greater China,Direct,Equipment,58.87,1043
2024,EMEA,Wholesale,Apparel,41.22,4650
2024,EMEA,Direct,Footwear,49.21,1045
2024,Greater China,Direct,Footwear,81.5,700
2024,EMEA,Direct,Apparel,35.03,2800
2024,Greater China,Direct,Apparel,22.8,4920
2024,APLA,Wholesale,Footwear,38.18,1517
2024,Greater China,Wholesale,Equipment,86.46,1624
2024,APLA,Wholesale,Equipment,18.01,3866
2024,APLA,Direct,Equipment,99.25,350
2024,North America,Wholesale,Footwear,58.69,1644
2024,Greater China,Wholesale,Apparel,98.64,178
2024,North America,Direct,Footwear,94.51,3223
2024,Greater China,Direct,Apparel,50.75,997
2024,Greater China,Wholesale,Equipment,27.86,4976
2024,North America,Wholesale,Equipment,24.84,325
2024,North America,Wholesale,Apparel,31.6,1309
2024,Greater China,Wholesale,Apparel,73.91,4998
2024,EMEA,Direct,Footwear,34.57,4937
2024,APLA,Wholesale,Equipment,40.73,2278
2024,North America,Wholesale,Footwear,50.39,2779
2024,APLA,Direct,Footwear,92.19,2985
2024,EMEA,Wholesale,Footwear,27.05,2906
2024,EMEA,Direct,Equipment,10.45,803
2024,EMEA,Direct,Footwear,15.41,2644
2024,North America,Direct,Footwear,91.43,2470
2024,EMEA,Wholesale,Footwear,68.28,3381
2024,North America,Wholesale,Footwear,34.57,4810
2024,EMEA,Direct,Footwear,25.95,428
2024,APLA,Wholesale,Footwear,36.48,4328
2024,APLA,Wholesale,Equipment,20.33,220
2024,Greater China,Direct,Footwear,94.74,1064
2024,APLA,Direct,Apparel,80.58,4324
2024,Greater China,Wholesale,Footwear,51.62,3775
2024,APLA,Direct,Footwear,87.85,2176
2024,North America,Wholesale,Equipment,32.45,432
2024,APLA,Wholesale,Equipment,74.54,3468
2024,Greater China,Wholesale,Apparel,87.05,1416
2024,Greater China,Wholesale,Apparel,42.11,1296
2024,EMEA,Direct,Equipment,78.17,3270
2024,North America,Direct,Equipment,36.56,1529
2024,APLA,Direct,Footwear,36.9,455
2024,EMEA,Direct,Equipment,19.64,4334
2024,APLA,Wholesale,Apparel,49.61,1626
2024,APLA,Wholesale,Footwear,75.67,3997
2024,EMEA,Direct,Apparel,94.62,128
2024,EMEA,Wholesale,Footwear,64.34,1113
2024,EMEA,Wholesale,Equipment,87.68,2802
2024,EMEA,Wholesale,Apparel,84.02,927
2024,EMEA,Direct,Footwear,25.6,4546
2024,APLA,Direct,Footwear,53.72,2124
2024,EMEA,Direct,Equipment,20.52,398
2024,North America,Wholesale,Equipment,71.39,1965
2024,Greater China,Direct,Equipment,95.49,4116
2024,EMEA,Direct,Apparel,22.34,2211
2024,EMEA,Direct,Footwear,76.05,854
2024,APLA,Direct,Equipment,66.9,869
2024,EMEA,Direct,Apparel,62.52,3835
2024,EMEA,Direct,Apparel,45.11,1338
2024,EMEA,Wholesale,Apparel,41.96,2313
2024,APLA,Wholesale,Equipment,14.07,2006
2024,EMEA,Direct,Equipment,29.61,1664
2024,Greater China,Direct,Footwear,11.37,1318
2024,APLA,Wholesale,Footwear,62.33,4701
2024,Greater China,Wholesale,Equipment,19.53,1457
2024,APLA,Direct,Apparel,88.57,3939
2024,EMEA,Direct,Apparel,57.08,1560
2024,Greater China,Direct,Apparel,72.97,4085
2024,APLA,Direct,Footwear,46.98,1516
2024,North America,Wholesale,Apparel,60.45,2953
2024,EMEA,Direct,Footwear,94.84,4956
2024,APLA,Direct,Footwear,17.45,1528
2024,North America,Direct,Apparel,32.85,4478
2024,APLA,Direct,Apparel,80.2,4574
2024,North America,Wholesale,Equipment,18.89,4393
2024,EMEA,Wholesale,Equipment,16.81,3162
2024,Greater China,Wholesale,Apparel,42.54,3171
2024,North America,Direct,Footwear,18.3,655
2024,APLA,Direct,Footwear,62.66,455
2024,EMEA,Wholesale,Footwear,30.36,1663
2024,North America,Direct,Footwear,90.61,3600
2024,APLA,Direct,Footwear,80.52,1140
2024,APLA,Wholesale,Equipment,72.97,2786
2024,APLA,Wholesale,Apparel,65.52,4574
2024,North America,Wholesale,Equipment,87.71,4875
2024,North America,Wholesale,Footwear,30.08,2653
2024,North America,Direct,Footwear,88.58,1879
2024,Greater China,Direct,Footwear,81.05,175
2024,North America,Wholesale,Footwear,77.33,4426
2024,North America,Direct,Apparel,60.51,3419
2024,North America,Wholesale,Footwear,32.16,2449
2024,Greater China,Wholesale,Apparel,48.12,2873
2024,North America,Direct,Footwear,81.42,2362
2024,APLA,Wholesale,Apparel,12.86,3329
2024,North America,Direct,Equipment,80.38,2216
2024,APLA,Direct,Footwear,31.61,492
2024,APLA,Direct,Apparel,22.99,1208
2024,APLA,Direct,Equipment,20.41,4462
2024,Greater China,Wholesale,Footwear,12.45,710
2024,Greater China,Direct,Footwear,57.12,2875
2024,Greater China,Wholesale,Footwear,29.64,4098
2024,North America,Wholesale,Apparel,99.05,772
2024,APLA,Wholesale,Apparel,61.7,3777
2024,Greater China,Wholesale,Equipment,22.41,130
2024,Greater China,Direct,Apparel,71.99,1500
2024,North America,Direct,Apparel,90.8,4171
2024,Greater China,Wholesale,Footwear,77.07,716
2024,North America,Wholesale,Footwear,16.88,4734
2024,EMEA,Direct,Footwear,90.63,2886
2024,Greater China,Wholesale,Footwear,81.45,970
2024,EMEA,Direct,Footwear,24.25,4296
2024,North America,Wholesale,Footwear,14.66,3704
2024,APLA,Direct,Footwear,60.16,1512
2024,Greater China,Wholesale,Equipment,24.04,2839
2024,North America,Wholesale,Equipment,85.11,1040
2024,APLA,Direct,Equipment,42.25,440
2024,APLA,Wholesale,Equipment,92.16,3008
2024,EMEA,Wholesale,Footwear,60.91,4233
2024,North America,Direct,Equipment,26.44,759
2024,APLA,Wholesale,Footwear,22.56,2133
2024,Greater China,Direct,Equipment,61.88,1660
2024,Greater China,Direct,Apparel,78.57,3557
2024,EMEA,Wholesale,Equipment,80.34,1756
2024,APLA,Wholesale,Equipment,34.82,3075
2024,North America,Wholesale,Footwear,28.38,1149
2024,Greater China,Wholesale,Equipment,11.51,553
2024,APLA,Wholesale,Apparel,71.13,1804
2024,APLA,Wholesale,Footwear,16.89,2884
2024,EMEA,Wholesale,Footwear,47.87,918
2024,Greater China,Direct,Equipment,64.15,4968
2024,Greater China,Wholesale,Footwear,94.34,112
2024,North America,Direct,Footwear,38.06,4079
2024,Greater China,Wholesale,Footwear,32.48,1020
2024,North America,Wholesale,Footwear,68.87,2518
2024,Greater China,Direct,Footwear,65.73,1414
2024,EMEA,Wholesale,Footwear,39.89,3777
2024,Greater China,Wholesale,Apparel,93.53,2117
2024,North America,Direct,Equipment,86.04,1328
2024,North America,Wholesale,Apparel,30.16,4892
2024,EMEA,Wholesale,Footwear,31.52,2534
2024,Greater China,Wholesale,Footwear,56.11,2968
2024,Greater China,Direct,Equipment,79.62,2615
2024,EMEA,Wholesale,Apparel,13.96,1538
2024,Greater China,Wholesale,Equipment,72.4,4264
2024,Greater China,Wholesale,Apparel,68.34,3643
2024,North America,Wholesale,Footwear,30.83,3275
2024,Greater China,Direct,Equipment,71.32,1881
2024,Greater China,Direct,Equipment,94.62,2363
2024,EMEA,Wholesale,Footwear,14.21,2069
2024,EMEA,Wholesale,Equipment,38.77,311
2024,APLA,Direct,Apparel,49.44,607
2024,North America,Direct,Apparel,90.93,431
2024,Greater China,Wholesale,Apparel,96.6,650
2024,Greater China,Direct,Apparel,49.97,1041
2024,APLA,Wholesale,Footwear,77.5,827
2024,Greater China,Direct,Equipment,57.85,2962
2024,North America,Direct,Apparel,58.4,3343
2024,APLA,Direct,Footwear,35.03,748
2024,North America,Direct,Equipment,29.53,2837
2024,APLA,Wholesale,Equipment,35.92,2847
2024,APLA,Direct,Footwear,60.07,1109
2024,EMEA,Direct,Footwear,12.62,1650
2024,North America,Wholesale,Apparel,91.65,903
2024,Greater China,Direct,Equipment,24.07,4180
2024,Greater China,Direct,Equipment,29.81,4409
2024,North America,Wholesale,Footwear,56.64,4364
2024,Greater China,Direct,Equipment,73.91,3501
2024,Greater China,Wholesale,Apparel,18.62,4341
2024,North America,Wholesale,Equipment,38.59,4711
2024,APLA,Wholesale,Footwear,97.18,3261
2024,North America,Wholesale,Footwear,33.61,4648
2024,APLA,Direct,Apparel,38.17,4255
2024,Greater China,Wholesale,Apparel,85.28,627
2024,Greater China,Direct,Equipment,14.52,3398
2024,Greater China,Direct,Equipment,51.82,1123
2024,EMEA,Direct,Footwear,44.17,3834
2024,APLA,Direct,Apparel,38.49,532
2024,EMEA,Direct,Apparel,35.71,1276
2024,EMEA,Direct,Apparel,18.22,500
2024,North America,Direct,Equipment,38.33,2204
2024,EMEA,Direct,Apparel,13.87,3150
2024,North America,Direct,Footwear,80.29,2333
2024,North America,Direct,Footwear,45.84,2545
2024,EMEA,Wholesale,Equipment,49.95,4800
2024,APLA,Wholesale,Equipment,90.42,2935
2024,APLA,Wholesale,Apparel,69.22,2613
2024,APLA,Direct,Equipment,10.73,1873
2024,APLA,Wholesale,Footwear,94.89,1196
2024,APLA,Wholesale,Apparel,31.34,1028
2024,EMEA,Wholesale,Footwear,19.69,2051
2024,EMEA,Direct,Apparel,79.13,2073
2024,Greater China,Direct,Equipment,55.04,1654
2024,APLA,Direct,Apparel,49.04,2878
2024,EMEA,Direct,Apparel,32.46,4521
2024,Greater China,Wholesale,Footwear,59.27,1094
2024,APLA,Wholesale,Footwear,34.69,712
2024,North America,Wholesale,Apparel,91.14,2693
2024,Greater China,Wholesale,Equipment,29.37,695
2024,EMEA,Direct,Equipment,89.59,941
2024,North America,Direct,Footwear,60.35,4539
2024,North America,Direct,Equipment,84.56,958
2024,North America,Wholesale,Footwear,74.16,544
2024,Greater China,Direct,Equipment,72.7,1888
2024,EMEA,Direct,Apparel,39.19,4417
2024,North America,Wholesale,Footwear,31.05,3554
2024,APLA,Wholesale,Footwear,28.98,4052
2024,North America,Direct,Apparel,87.15,4787
2024,North America,Direct,Footwear,83.84,1130
2024,Greater China,Direct,Equipment,49.65,1395
2024,Greater China,Direct,Equipment,21.92,2163
2024,EMEA,Direct,Footwear,44.4,1547
2024,APLA,Direct,Equipment,65.74,2145
2024,Greater China,Wholesale,Footwear,50.9,4719
2024,North America,Wholesale,Apparel,80.22,2950
2024,EMEA,Wholesale,Footwear,99.79,3924
2024,North America,Direct,Apparel,27.2,2168
2024,North America,Wholesale,Equipment,51.37,3861
2024,Greater China,Direct,Apparel,48.79,2375
2024,EMEA,Direct,Equipment,37.4,1908
2024,APLA,Wholesale,Footwear,27.83,1411
2024,APLA,Direct,Equipment,15.91,4155
2024,Greater China,Direct,Footwear,89.84,2551
2024,Greater China,Wholesale,Footwear,47.79,1189
2024,EMEA,Wholesale,Apparel,54.72,1772
2024,APLA,Wholesale,Apparel,92.52,3775
2024,APLA,Direct,Apparel,79.87,4632
2024,APLA,Wholesale,Apparel,21.75,4454
2024,North America,Wholesale,Equipment,60.89,2103
2024,APLA,Direct,Equipment,49.8,4298
2024,North America,Wholesale,Equipment,81.75,4964
2024,EMEA,Wholesale,Footwear,75.18,1224
2024,North America,Wholesale,Equipment,72.14,1321
2024,EMEA,Direct,Equipment,40.65,2960
2024,APLA,Direct,Equipment,82.45,2373
2024,APLA,Direct,Apparel,14.72,3090
2024,EMEA,Direct,Equipment,24.37,2610
2024,Greater China,Wholesale,Footwear,40.21,336
2024,EMEA,Direct,Apparel,16.91,1244
2024,Greater China,Direct,Footwear,31.15,3353
2024,North America,Wholesale,Equipment,84.71,3882
2024,North America,Wholesale,Apparel,95.34,866
2024,North America,Wholesale,Footwear,37.41,2781
2024,APLA,Direct,Equipment,33.81,2765
2024,North America,Direct,Footwear,35.19,1859
2024,Greater China,Direct,Footwear,34.99,3591
2024,North America,Wholesale,Footwear,13.23,2915
2024,EMEA,Wholesale,Equipment,93.42,3613
2024,EMEA,Direct,Equipment,29.23,595
2024,APLA,Wholesale,Footwear,47.8,3280
2024,EMEA,Wholesale,Apparel,10.87,4030
2024,Greater China,Wholesale,Apparel,87.22,2172
2024,North America,Direct,Equipment,75.8,437
2024,APLA,Wholesale,Equipment,95.21,4049
2024,North America,Wholesale,Equipment,80.35,3208
2024,North America,Direct,Equipment,38.23,1917
2024,Greater China,Direct,Equipment,32.31,236
2024,EMEA,Wholesale,Apparel,72.79,2655
2024,EMEA,Wholesale,Equipment,42.77,4515
2024,North America,Direct,Footwear,60.96,1015
2024,APLA,Direct,Footwear,10.56,3638
2024,EMEA,Wholesale,Apparel,15.57,2200
2024,APLA,Wholesale,Footwear,58.18,3007
2024,EMEA,Wholesale,Apparel,60.95,3014
2024,APLA,Wholesale,Apparel,77.63,2082
2024,Greater China,Direct,Footwear,21.88,3970
2024,APLA,Wholesale,Equipment,56.19,4628
2024,Greater China,Wholesale,Footwear,27.5,3667
2024,Greater China,Direct,Footwear,18.39,1098
2024,APLA,Wholesale,Apparel,46.94,2247
2024,Greater China,Direct,Footwear,24.7,4794
2024,North America,Wholesale,Apparel,29.96,495
2024,Greater China,Wholesale,Equipment,38.58,3698
2024,EMEA,Direct,Equipment,33.34,4610
2024,APLA,Direct,Equipment,17.88,1038
2024,North America,Wholesale,Footwear,18.09,1736
2024,APLA,Wholesale,Apparel,27.39,2824
2024,EMEA,Wholesale,Equipment,14.55,2610
2024,EMEA,Direct,Apparel,66.38,4736
2024,EMEA,Wholesale,Apparel,35.86,1749
2024,Greater China,Direct,Equipment,35.18,3790
2024,Greater China,Direct,Equipment,39.88,3535
2024,APLA,Wholesale,Apparel,69.65,3301
2024,APLA,Direct,Equipment,88.36,4279
2024,North America,Wholesale,Apparel,78.32,4466
2024,North America,Wholesale,Apparel,75.48,2391
2024,APLA,Wholesale,Equipment,53.6,4583
2024,Greater China,Wholesale,Footwear,72.44,313
2024,EMEA,Wholesale,Equipment,59.75,3337
2024,APLA,Direct,Footwear,29.46,3962
2024,North America,Direct,Apparel,28.77,158
2024,Greater China,Wholesale,Apparel,36.68,3030
2024,APLA,Wholesale,Footwear,91.97,3071
2024,APLA,Direct,Apparel,59.27,1627
2024,Greater China,Direct,Footwear,76.05,222
2024,APLA,Direct,Footwear,41.19,3819
2024,Greater China,Direct,Apparel,46.69,1536
2024,EMEA,Wholesale,Footwear,21.3,1262
2024,Greater China,Wholesale,Equipment,25.42,3400
2024,Greater China,Direct,Equipment,84.46,3445
2024,Greater China,Wholesale,Apparel,62.64,2586
2024,APLA,Direct,Apparel,40.38,661
2024,APLA,Wholesale,Footwear,82.26,4081
2024,Greater China,Direct,Footwear,32.19,1837
2024,APLA,Wholesale,Footwear,97.84,1004
2024,North America,Direct,Footwear,41.03,3654
2024,North America,Direct,Equipment,40.36,4590
2024,APLA,Wholesale,Equipment,38.07,1826
2024,APLA,Direct,Apparel,20.99,3023
2024,Greater China,Wholesale,Footwear,20.0,3631
2024,EMEA,Wholesale,Footwear,68.33,4006
2024,APLA,Direct,Apparel,88.76,1034
2024,North America,Wholesale,Footwear,81.15,174
2024,Greater China,Wholesale,Footwear,22.7,394
2024,APLA,Wholesale,Footwear,59.1,120
2024,North America,Wholesale,Footwear,19.5,3342
2024,North America,Wholesale,Footwear,14.08,1138
2024,EMEA,Direct,Apparel,69.07,4755
2024,Greater China,Wholesale,Footwear,58.16,1209
2024,Greater China,Wholesale,Apparel,17.38,3871
2024,EMEA,Wholesale,Footwear,13.14,471
2024,EMEA,Wholesale,Equipment,99.08,1274
2024,Greater China,Wholesale,Equipment,12.7,1264
2024,Greater China,Direct,Equipment,50.01,1192
2024,APLA,Wholesale,Equipment,55.42,1383
2024,APLA,Direct,Apparel,20.56,2111
2024,EMEA,Direct,Apparel,25.22,945
2024,APLA,Direct,Footwear,41.66,2091
2024,North America,Direct,Equipment,78.55,620
2024,APLA,Wholesale,Apparel,55.64,4566
2024,APLA,Direct,Footwear,67.41,4296
2024,North America,Direct,Footwear,98.67,4856
2024,EMEA,Wholesale,Apparel,79.12,342
2024,North America,Wholesale,Equipment,49.09,2900
2024,APLA,Wholesale,Footwear,50.18,4707
2024,EMEA,Direct,Equipment,65.69,2996
2024,APLA,Wholesale,Equipment,69.88,2702
2024,North America,Wholesale,Equipment,55.06,2373
2024,North America,Direct,Footwear,68.04,1641
2024,APLA,Wholesale,Equipment,12.12,2865
2024,Greater China,Wholesale,Footwear,48.67,2214
2024,Greater China,Wholesale,Equipment,35.1,4591
2024,North America,Wholesale,Footwear,21.63,4807
2024,North America,Direct,Equipment,18.96,3183
2024,Greater China,Wholesale,Apparel,64.29,1957
2024,Greater China,Wholesale,Equipment,57.12,869
2024,APLA,Direct,Equipment,32.82,1522
2024,APLA,Wholesale,Footwear,52.39,506
2024,Greater China,Direct,Footwear,54.3,3072
2024,APLA,Wholesale,Equipment,27.55,1972
2024,APLA,Direct,Apparel,68.69,2794
2024,EMEA,Direct,Apparel,80.28,2369
2024,APLA,Direct,Footwear,81.23,4849
2024,North America,Direct,Apparel,64.22,1281
2024,APLA,Wholesale,Equipment,56.05,1539
2024,APLA,Direct,Footwear,15.49,3153
2024,Greater China,Wholesale,Equipment,35.9,3433
2024,North America,Direct,Footwear,18.39,2997
2024,APLA,Direct,Footwear,96.74,3003
2024,APLA,Direct,Footwear,22.16,328
2024,EMEA,Wholesale,Footwear,23.66,4059
2024,APLA,Direct,Apparel,90.06,1993
2024,APLA,Wholesale,Equipment,94.95,1413
2024,EMEA,Wholesale,Equipment,78.92,1170
2024,Greater China,Wholesale,Equipment,10.49,1074
2024,APLA,Wholesale,Footwear,10.12,1838
2024,EMEA,Wholesale,Apparel,44.03,3385
2024,North America,Wholesale,Equipment,22.91,857
2024,Greater China,Wholesale,Apparel,11.65,3195
2024,North America,Wholesale,Footwear,51.77,420
2024,North America,Wholesale,Equipment,94.88,2421
2024,EMEA,Direct,Apparel,39.14,655
2024,APLA,Direct,Footwear,69.5,1486
2024,EMEA,Direct,Apparel,68.7,4863
2024,EMEA,Direct,Equipment,32.6,3147
2024,EMEA,Direct,Equipment,68.54,2527
2024,EMEA,Wholesale,Footwear,29.11,2104
2024,Greater China,Wholesale,Footwear,20.98,2030
2024,APLA,Wholesale,Footwear,73.12,4941
2024,North America,Wholesale,Apparel,20.21,4870
2024,North America,Wholesale,Apparel,99.72,2263
2024,APLA,Wholesale,Apparel,26.51,3967
2024,North America,Wholesale,Footwear,63.47,2526
2024,APLA,Direct,Equipment,47.02,3893
2024,North America,Direct,Equipment,21.37,2613
2024,EMEA,Direct,Apparel,12.51,3903
2024,North America,Direct,Apparel,66.05,2427
2024,APLA,Wholesale,Equipment,82.61,717
2024,APLA,Wholesale,Equipment,85.78,2265
2024,APLA,Wholesale,Apparel,53.44,3408
2024,APLA,Direct,Apparel,79.97,1092
2024,APLA,Wholesale,Equipment,70.56,1477
2024,Greater China,Wholesale,Footwear,75.18,4481
2024,Greater China,Wholesale,Apparel,54.33,3274
2024,North America,Direct,Equipment,67.01,4882
2024,APLA,Wholesale,Equipment,82.5,1405
2024,North America,Direct,Equipment,45.81,4933
2024,APLA,Direct,Equipment,82.54,3178
2024,APLA,Direct,Footwear,63.28,2786
2024,Greater China,Direct,Equipment,24.93,3083
2024,Greater China,Wholesale,Apparel,12.22,2623
2024,EMEA,Direct,Footwear,42.65,3682
2024,Greater China,Direct,Equipment,59.2,1585
2024,EMEA,Wholesale,Footwear,85.58,2200
2024,EMEA,Wholesale,Apparel,21.47,4681
2024,EMEA,Direct,Equipment,82.02,3815
2024,EMEA,Wholesale,Apparel,87.67,2101
2024,EMEA,Direct,Equipment,23.56,1487
2024,North America,Direct,Equipment,86.64,3283
2024,Greater China,Direct,Equipment,99.23,1130
2024,EMEA,Direct,Equipment,75.42,1865
2024,APLA,Wholesale,Equipment,80.63,4863
2024,Greater China,Direct,Footwear,99.5,1320
2024,Greater China,Wholesale,Equipment,64.49,3906
2024,EMEA,Wholesale,Equipment,37.71,2514
2024,North America,Wholesale,Footwear,85.38,4445
2024,EMEA,Wholesale,Footwear,65.3,1718
2024,North America,Direct,Footwear,62.31,1363
2024,APLA,Wholesale,Footwear,32.83,971
2024,Greater China,Direct,Footwear,78.07,934
2024,APLA,Wholesale,Footwear,17.35,2922
2024,North America,Wholesale,Equipment,93.19,1018
2024,North America,Direct,Equipment,39.32,1824
2024,APLA,Direct,Apparel,21.5,2513
2024,North America,Direct,Equipment,49.81,1413
2024,APLA,Wholesale,Equipment,13.82,4598
2024,Greater China,Wholesale,Footwear,71.62,2205
2024,APLA,Direct,Footwear,91.24,2668
2024,Greater China,Direct,Equipment,85.35,1238
2024,APLA,Direct,Apparel,21.46,309
2024,North America,Direct,Footwear,21.36,1164
2024,APLA,Wholesale,Equipment,83.21,2320
2024,North America,Direct,Equipment,93.18,333
2024,APLA,Direct,Apparel,51.46,892
2024,APLA,Direct,Apparel,54.91,3210
2024,EMEA,Direct,Footwear,38.64,2266
2024,North America,Wholesale,Apparel,90.48,434
2024,EMEA,Direct,Equipment,68.04,1459
2024,North America,Wholesale,Equipment,35.94,1314
2024,EMEA,Direct,Apparel,36.89,4519
2024,Greater China,Direct,Apparel,90.21,383
2024,APLA,Wholesale,Apparel,11.23,312
2024,North America,Direct,Apparel,39.05,1758
2024,North America,Wholesale,Footwear,59.89,4178
2024,APLA,Wholesale,Apparel,23.34,4947
2024,North America,Direct,Footwear,18.29,1517
2024,North America,Wholesale,Equipment,83.37,2486
2024,EMEA,Wholesale,Apparel,90.5,1894
2024,North America,Wholesale,Footwear,84.12,204
2024,Greater China,Wholesale,Apparel,90.89,4965
2024,Greater China,Wholesale,Equipment,59.78,3993
2024,APLA,Wholesale,Equipment,83.1,3945
2024,North America,Wholesale,Equipment,44.56,3790
2024,APLA,Wholesale,Apparel,69.96,3392
2024,Greater China,Direct,Apparel,99.0,478
2024,North America,Direct,Footwear,30.32,3393
2024,North America,Wholesale,Equipment,45.09,3429
2024,APLA,Direct,Apparel,53.2,4908
2024,Greater China,Wholesale,Equipment,22.42,3538
2024,North America,Wholesale,Equipment,17.29,324
2024,APLA,Direct,Footwear,84.68,837
2024,Greater China,Wholesale,Footwear,97.91,335
2024,APLA,Wholesale,Footwear,46.43,4378
2024,EMEA,Wholesale,Footwear,17.89,811
2024,North America,Wholesale,Equipment,15.92,1988
2024,EMEA,Direct,Footwear,90.22,4818
2024,Greater China,Wholesale,Footwear,51.74,1359
2024,EMEA,Wholesale,Footwear,38.8,848
2024,EMEA,Wholesale,Footwear,52.88,4086
2024,Greater China,Direct,Equipment,38.65,3651
2024,APLA,Wholesale,Footwear,54.01,609
2024,EMEA,Direct,Equipment,87.36,1923
2024,APLA,Direct,Apparel,63.31,4980
2024,EMEA,Wholesale,Equipment,72.52,3041
2024,APLA,Wholesale,Equipment,42.82,4332
2024,Greater China,Direct,Footwear,76.47,2234
2024,EMEA,Wholesale,Apparel,70.0,1877
2024,Greater China,Direct,Apparel,20.76,1322
2024,EMEA,Direct,Apparel,61.54,3767
2024,Greater China,Wholesale,Apparel,33.11,1877
2024,Greater China,Wholesale,Equipment,82.37,1404
2024,EMEA,Direct,Apparel,48.33,4959
2024,EMEA,Direct,Equipment,99.52,801
2024,EMEA,Direct,Equipment,18.33,3089
2024,North America,Direct,Equipment,80.23,251
2024,APLA,Wholesale,Apparel,70.63,1425
2024,North America,Wholesale,Footwear,79.07,1401
2024,North America,Wholesale,Footwear,37.68,3822
2024,Greater China,Wholesale,Apparel,54.28,1811
2024,EMEA,Wholesale,Footwear,81.69,906
2024,APLA,Direct,Footwear,30.93,4430
2024,Greater China,Wholesale,Equipment,30.34,2822
2024,North America,Wholesale,Equipment,59.59,4756
2024,EMEA,Wholesale,Apparel,57.12,1425
2024,Greater China,Wholesale,Apparel,35.4,4233
2024,EMEA,Wholesale,Footwear,36.83,1259
2024,Greater China,Direct,Equipment,35.01,2969
2024,EMEA,Direct,Apparel,79.44,4616
2024,North America,Direct,Apparel,68.67,1342
2024,APLA,Wholesale,Apparel,84.92,447
2024,North America,Direct,Apparel,97.79,1931
2024,APLA,Direct,Apparel,52.67,1669
2024,EMEA,Wholesale,Apparel,16.0,4035
2024,Greater China,Wholesale,Footwear,14.33,2018
2024,North America,Wholesale,Equipment,36.61,3332
2024,APLA,Direct,Equipment,93.93,3858
2024,North America,Direct,Apparel,57.09,2455
2024,APLA,Wholesale,Equipment,34.46,1497
2024,North America,Wholesale,Equipment,45.93,2880
2024,APLA,Direct,Equipment,63.87,1924
2024,APLA,Direct,Apparel,68.77,2591
2024,EMEA,Wholesale,Apparel,23.85,4160
2024,APLA,Wholesale,Equipment,97.93,504
2024,EMEA,Direct,Equipment,59.03,1821
2024,APLA,Wholesale,Apparel,22.21,2925
2024,Greater China,Direct,Footwear,90.43,3945
2024,Greater China,Direct,Equipment,16.72,4310
2024,Greater China,Direct,Footwear,91.7,3292
2024,APLA,Direct,Equipment,99.69,164
2024,EMEA,Wholesale,Footwear,73.04,1399
2024,EMEA,Wholesale,Footwear,79.34,1515
2024,APLA,Direct,Footwear,40.36,3693
2024,Greater China,Direct,Apparel,94.74,1068
2024,Greater China,Direct,Footwear,57.67,468
2024,EMEA,Direct,Footwear,75.91,332
2024,Greater China,Direct,Footwear,93.17,2342
2024,North America,Wholesale,Equipment,97.77,3183
2024,EMEA,Wholesale,Footwear,84.99,1020
2024,Greater China,Wholesale,Equipment,37.27,788
2024,EMEA,Wholesale,Footwear,96.99,4372
2024,North America,Direct,Footwear,66.53,1569
2024,EMEA,Direct,Apparel,93.76,4825
2024,EMEA,Direct,Equipment,70.85,4359
2024,EMEA,Direct,Footwear,37.65,3722
2024,EMEA,Direct,Equipment,43.3,2200
2024,North America,Wholesale,Equipment,59.54,2365
2024,APLA,Direct,Apparel,81.1,3889
2024,EMEA,Wholesale,Apparel,38.62,923
2024,EMEA,Wholesale,Apparel,62.18,3531
2024,Greater China,Wholesale,Apparel,41.11,4251
2024,EMEA,Wholesale,Apparel,83.42,4313
2024,Greater China,Direct,Apparel,52.01,897
2024,APLA,Wholesale,Apparel,16.91,879
2024,North America,Wholesale,Apparel,24.94,2950
2024,North America,Wholesale,Footwear,15.5,2992
2024,APLA,Direct,Equipment,54.94,1993
2024,North America,Direct,Apparel,19.57,3406
2024,APLA,Direct,Apparel,20.27,3002
2024,APLA,Wholesale,Equipment,94.69,4903
2024,APLA,Wholesale,Footwear,88.54,3818
2024,North America,Direct,Equipment,50.69,121
2024,Greater China,Wholesale,Equipment,98.72,1600
2024,APLA,Direct,Apparel,10.02,942
2024,EMEA,Direct,Equipment,65.26,1860
2024,North America,Wholesale,Equipment,65.48,3741
2024,APLA,Wholesale,Apparel,51.17,291
2024,APLA,Wholesale,Apparel,45.73,495
2024,EMEA,Wholesale,Apparel,50.98,4762
2024,Greater China,Direct,Apparel,47.35,4426
2024,Greater China,Direct,Equipment,75.74,973
2024,Greater China,Direct,Equipment,22.18,2721
2024,APLA,Direct,Footwear,27.79,4435
2024,APLA,Direct,Footwear,26.25,189
2024,APLA,Wholesale,Equipment,33.62,2379
2024,North America,Direct,Footwear,57.27,556
2024,EMEA,Direct,Equipment,20.01,2380
2024,APLA,Direct,Footwear,88.14,4549
2024,EMEA,Wholesale,Apparel,36.76,1104
2024,EMEA,Wholesale,Footwear,24.63,4634
2024,Greater China,Wholesale,Apparel,70.81,444
2024,North America,Wholesale,Apparel,13.43,2811
2024,APLA,Direct,Apparel,65.8,4852
2024,Greater China,Direct,Apparel,72.84,2562
2024,Greater China,Wholesale,Footwear,29.34,1216
2024,APLA,Wholesale,Equipment,13.78,725
2024,EMEA,Direct,Apparel,42.73,4479
2024,Greater China,Direct,Footwear,18.87,2079
2024,EMEA,Wholesale,Apparel,20.48,4094
2024,North America,Wholesale,Footwear,32.88,1778
2024,EMEA,Wholesale,Footwear,36.59,322
2024,North America,Wholesale,Footwear,57.7,843
2024,EMEA,Direct,Equipment,71.06,562
2024,Greater China,Direct,Footwear,63.35,1668
2024,Greater China,Direct,Footwear,23.35,3447
2024,North America,Wholesale,Equipment,25.49,1836
2024,APLA,Wholesale,Equipment,89.09,4139
2024,North America,Direct,Footwear,60.25,4051
2024,North America,Direct,Equipment,88.29,764
2024,EMEA,Direct,Apparel,43.44,1456
2024,EMEA,Direct,Apparel,65.3,1114
2024,North America,Wholesale,Equipment,57.13,2232
2024,Greater China,Direct,Equipment,38.72,2768
2024,EMEA,Direct,Footwear,52.29,1154
2024,APLA,Direct,Equipment,55.22,1864
2024,EMEA,Direct,Footwear,28.07,4558
2024,EMEA,Direct,Apparel,38.35,2969
2024,APLA,Direct,Equipment,81.23,1512
2024,North America,Direct,Footwear,92.42,767
2024,APLA,Wholesale,Footwear,42.38,3470
2024,North America,Wholesale,Apparel,37.63,1494
2024,North America,Wholesale,Equipment,27.57,198
2024,North America,Wholesale,Apparel,71.06,4170
2024,APLA,Direct,Footwear,39.08,521
2024,North America,Wholesale,Footwear,98.9,3750
2024,Greater China,Wholesale,Equipment,39.31,4257
2024,APLA,Direct,Footwear,45.47,1232
2024,Greater China,Direct,Equipment,64.3,1802
2024,North America,Wholesale,Apparel,82.15,3720
2024,EMEA,Wholesale,Equipment,52.26,3290
2024,North America,Direct,Equipment,48.04,697
2024,Greater China,Wholesale,Footwear,99.61,491
2024,Greater China,Direct,Footwear,10.94,1175
2024,APLA,Direct,Equipment,90.56,2750
2024,EMEA,Direct,Footwear,23.42,2484
2024,APLA,Direct,Footwear,80.73,909
2024,Greater China,Wholesale,Footwear,65.61,3409
2024,North America,Direct,Equipment,40.77,3838
2024,EMEA,Direct,Footwear,88.65,1259
2024,North America,Wholesale,Equipment,11.16,1631
2024,North America,Direct,Footwear,30.4,2782
2024,EMEA,Wholesale,Apparel,61.02,353
2024,APLA,Wholesale,Footwear,41.64,3648
2024,North America,Wholesale,Footwear,64.93,3285
2024,Greater China,Direct,Equipment,12.17,1331
2024,North America,Wholesale,Equipment,20.48,2523
2024,EMEA,Wholesale,Footwear,21.44,3675
2024,EMEA,Direct,Apparel,27.04,4361
2024,EMEA,Wholesale,Footwear,51.34,1673
2024,APLA,Wholesale,Footwear,77.69,3008
2024,North America,Wholesale,Apparel,91.5,4812
2024,APLA,Wholesale,Equipment,85.18,1725
2024,APLA,Wholesale,Footwear,27.72,4098
2024,EMEA,Direct,Equipment,49.7,3983
2024,EMEA,Wholesale,Equipment,27.95,3615
2024,APLA,Wholesale,Apparel,33.8,3503
2024,North America,Direct,Apparel,55.32,4698
2024,Greater China,Direct,Equipment,16.13,4780
2024,APLA,Direct,Footwear,29.64,2058
2024,North America,Wholesale,Equipment,94.18,4109
2024,EMEA,Direct,Footwear,51.95,2835
2024,EMEA,Wholesale,Footwear,50.08,4591
2024,North America,Wholesale,Apparel,11.31,3274
2024,Greater China,Direct,Footwear,32.27,501
2024,EMEA,Direct,Footwear,87.97,1074
2024,EMEA,Wholesale,Equipment,24.82,323
2024,EMEA,Direct,Apparel,47.36,4713
2024,North America,Wholesale,Footwear,11.29,335
2024,APLA,Direct,Footwear,53.05,3598
2024,EMEA,Direct,Apparel,11.89,4311
2024,APLA,Direct,Equipment,83.76,3334
2024,Greater China,Wholesale,Apparel,84.24,325
2024,EMEA,Direct,Apparel,80.9,2377
2024,EMEA,Wholesale,Footwear,35.5,4377
2024,Greater China,Wholesale,Footwear,85.35,1441
2024,EMEA,Wholesale,Equipment,58.87,4136
2024,APLA,Wholesale,Footwear,43.64,309
2024,North America,Direct,Footwear,66.28,3827
2024,APLA,Wholesale,Apparel,11.11,4028
2024,North America,Wholesale,Footwear,22.87,2903
2024,North America,Direct,Equipment,76.81,1209
2024,APLA,Wholesale,Apparel,31.97,2126
2024,APLA,Direct,Equipment,63.82,493
2024,APLA,Wholesale,Apparel,44.66,943
2024,APLA,Direct,Footwear,86.93,1624
2024,Greater China,Wholesale,Apparel,95.72,703
2024,EMEA,Direct,Apparel,89.52,681
2024,North America,Wholesale,Footwear,34.36,2039
2024,APLA,Wholesale,Footwear,27.47,232
2024,APLA,Direct,Equipment,52.7,2938
2024,APLA,Direct,Equipment,10.66,3485
2024,Greater China,Direct,Footwear,12.32,3870
2024,APLA,Direct,Footwear,59.8,2368
2024,APLA,Wholesale,Footwear,56.84,1075
2024,APLA,Wholesale,Apparel,99.51,1913
2024,EMEA,Direct,Apparel,28.17,3363
2024,Greater China,Wholesale,Apparel,33.23,1643
2024,APLA,Direct,Footwear,20.22,2935
2024,North America,Direct,Equipment,92.58,2838
2024,North America,Wholesale,Footwear,80.0,1457
2024,North America,Wholesale,Apparel,84.01,4234
2024,Greater China,Wholesale,Apparel,91.25,1416
2024,Greater China,Wholesale,Footwear,57.24,261
2024,North America,Wholesale,Footwear,50.61,2009
2024,APLA,Wholesale,Apparel,39.74,1227
2024,Greater China,Wholesale,Apparel,63.03,3970
2024,North America,Direct,Apparel,50.89,1758
2024,North America,Direct,Footwear,50.64,3225
2024,APLA,Direct,Apparel,94.32,2063
2024,EMEA,Direct,Apparel,98.56,2389
2024,Greater China,Direct,Equipment,81.68,1066
2024,APLA,Wholesale,Footwear,78.11,989
2024,North America,Direct,Equipment,71.25,3161
2024,North America,Direct,Equipment,24.95,3729
2024,APLA,Direct,Apparel,15.32,3289
2024,Greater China,Direct,Footwear,72.17,2848
2024,EMEA,Direct,Apparel,75.59,1766
2024,EMEA,Direct,Footwear,14.23,3166
2024,North America,Direct,Equipment,93.52,1541
2024,Greater China,Wholesale,Footwear,18.2,1167
2024,EMEA,Wholesale,Apparel,35.73,4323
2024,Greater China,Direct,Apparel,70.52,3023
2024,Greater China,Wholesale,Apparel,25.29,4353
2024,North America,Wholesale,Footwear,14.99,3956
2024,EMEA,Wholesale,Equipment,39.8,926
2024,APLA,Wholesale,Equipment,78.94,4707
2024,North America,Direct,Footwear,47.23,4085
2024,EMEA,Wholesale,Apparel,68.77,2192
2024,EMEA,Wholesale,Equipment,62.17,3279
2024,EMEA,Wholesale,Apparel,12.0,4638
2024,EMEA,Direct,Footwear,98.97,4001
2024,EMEA,Direct,Apparel,13.73,2462
2024,Greater China,Direct,Equipment,97.1,2324
2024,North America,Direct,Equipment,59.49,1826
2024,Greater China,Direct,Apparel,96.68,2106
2024,APLA,Direct,Footwear,20.33,366
2024,EMEA,Direct,Apparel,54.14,937
2024,North America,Wholesale,Footwear,25.26,4684
2024,EMEA,Wholesale,Apparel,14.59,4897
2024,North America,Wholesale,Equipment,65.58,786
2024,Greater China,Direct,Footwear,28.7,3461
2024,North America,Direct,Footwear,62.89,456
2024,APLA,Direct,Footwear,20.11,3915
2024,APLA,Direct,Equipment,39.88,971
2024,North America,Direct,Apparel,80.35,2073
2024,North America,Wholesale,Equipment,49.33,4747
2024,North America,Wholesale,Footwear,66.5,1910
2024,North America,Direct,Apparel,68.27,4518
2024,APLA,Direct,Equipment,85.94,2741
2024,EMEA,Direct,Footwear,39.24,2328
2024,North America,Direct,Footwear,71.86,3491
2024,North America,Wholesale,Equipment,96.55,4278
2024,APLA,Direct,Equipment,75.72,2450
2024,APLA,Direct,Equipment,54.09,4457
2024,Greater China,Direct,Footwear,66.76,4979
2024,North America,Direct,Equipment,76.57,2839
2024,Greater China,Wholesale,Footwear,65.1,2830
2024,APLA,Direct,Equipment,11.5,1418
2024,APLA,Direct,Footwear,27.53,1635
2024,EMEA,Wholesale,Footwear,82.94,4884
2024,North America,Wholesale,Apparel,34.54,2543
2024,Greater China,Wholesale,Equipment,75.84,1872
2024,APLA,Direct,Equipment,43.49,3309
2024,APLA,Direct,Footwear,56.97,977
2024,Greater China,Wholesale,Footwear,16.12,2970
2024,EMEA,Wholesale,Footwear,26.31,3300
2024,APLA,Wholesale,Apparel,96.15,4244
2024,North America,Wholesale,Apparel,90.11,3847
2024,APLA,Wholesale,Footwear,68.7,2936
2024,North America,Wholesale,Equipment,51.37,392
2024,Greater China,Direct,Equipment,70.82,1751
2024,North America,Direct,Apparel,65.67,4731
2024,Greater China,Direct,Apparel,61.17,4506
2024,North America,Wholesale,Footwear,15.33,636
2024,Greater China,Wholesale,Equipment,66.95,2786
2024,North America,Wholesale,Footwear,79.2,333
2024,EMEA,Wholesale,Apparel,99.47,2752
2024,North America,Wholesale,Equipment,11.0,2474
2024,North America,Wholesale,Equipment,75.72,2372
2024,EMEA,Direct,Apparel,61.46,1066
2024,APLA,Direct,Footwear,49.06,989
2024,APLA,Wholesale,Footwear,21.48,3963
2024,North America,Direct,Equipment,46.82,3500
2024,EMEA,Wholesale,Apparel,41.89,134
2024,North America,Direct,Equipment,37.25,4642
2024,Greater China,Wholesale,Apparel,75.78,3623
2024,Greater China,Wholesale,Footwear,73.07,1863
2024,North America,Direct,Apparel,63.01,3391
2024,APLA,Direct,Footwear,94.48,2588
2024,APLA,Wholesale,Apparel,41.49,2800
2024,North America,Wholesale,Equipment,31.94,1658
2024,North America,Direct,Footwear,69.03,4790
2024,Greater China,Direct,Equipment,27.89,2376
2024,APLA,Wholesale,Equipment,38.35,4106
2024,North America,Direct,Footwear,30.21,4539
2024,Greater China,Wholesale,Footwear,16.22,1203
2024,APLA,Wholesale,Equipment,84.47,1519
2024,EMEA,Wholesale,Equipment,32.91,1578
2024,Greater China,Wholesale,Equipment,52.57,4014
2024,APLA,Direct,Equipment,13.9,3842
2024,APLA,Direct,Footwear,72.94,3056
2024,Greater China,Direct,Footwear,39.75,1482
2024,EMEA,Direct,Equipment,77.03,2674
2024,Greater China,Direct,Apparel,47.12,3484
2024,APLA,Direct,Apparel,27.62,1669
2024,North America,Direct,Footwear,56.19,1994
2024,North America,Wholesale,Equipment,21.75,2343
2024,Greater China,Direct,Equipment,49.65,1966
2024,APLA,Direct,Footwear,38.56,128
2024,North America,Wholesale,Apparel,92.08,805
2024,APLA,Direct,Apparel,15.48,1120
2024,Greater China,Direct,Apparel,72.46,2163
2024,North America,Wholesale,Footwear,26.45,1546
2024,APLA,Direct,Apparel,38.71,3764
2024,North America,Direct,Footwear,47.4,3087
2024,Greater China,Direct,Footwear,91.72,3702
2024,APLA,Wholesale,Equipment,31.83,3785
2024,North America,Direct,Apparel,18.22,3468
2024,Greater China,Direct,Footwear,38.68,3681
2024,North America,Wholesale,Apparel,19.42,2862
2024,North America,Direct,Apparel,21.57,4137
2024,EMEA,Wholesale,Equipment,61.65,672
2024,EMEA,Wholesale,Apparel,15.48,4188
2024,Greater China,Direct,Equipment,12.78,714
2024,EMEA,Wholesale,Footwear,74.3,4150
2024,Greater China,Wholesale,Apparel,42.55,425
2024,EMEA,Direct,Footwear,21.28,3840
2024,North America,Wholesale,Apparel,32.83,458
2024,Greater China,Wholesale,Footwear,67.79,3877
2024,Greater China,Direct,Apparel,34.8,2471
2024,North America,Direct,Apparel,54.51,1821
2024,Greater China,Direct,Apparel,20.95,1449
2024,Greater China,Wholesale,Apparel,62.93,3796
2024,EMEA,Direct,Apparel,38.45,3996
2024,Greater China,Wholesale,Apparel,66.43,4360
2024,APLA,Wholesale,Apparel,82.76,1696
2024,North America,Wholesale,Apparel,65.05,1727
2024,EMEA,Wholesale,Apparel,36.62,2602
2024,EMEA,Wholesale,Footwear,33.02,3908
2024,APLA,Wholesale,Equipment,39.47,292
2024,North America,Wholesale,Apparel,24.82,2774
2024,North America,Direct,Equipment,26.31,3945
2024,EMEA,Direct,Apparel,81.16,2677
2024,Greater China,Wholesale,Apparel,44.63,191
2024,EMEA,Wholesale,Footwear,49.24,4334
2024,North America,Direct,Footwear,63.46,580
2024,APLA,Wholesale,Equipment,63.07,3016
2024,EMEA,Direct,Footwear,16.06,4535
2024,North America,Direct,Footwear,84.84,1175
2024,EMEA,Direct,Equipment,25.96,2613
2024,Greater China,Wholesale,Footwear,75.08,898
2024,EMEA,Wholesale,Apparel,79.54,4670
2024,EMEA,Direct,Equipment,74.34,4049
2024,North America,Direct,Equipment,62.11,704
2024,North America,Direct,Apparel,11.31,3079
2024,North America,Direct,Footwear,42.43,697
2024,EMEA,Direct,Equipment,64.44,1632
2024,Greater China,Wholesale,Equipment,44.87,613
2024,APLA,Direct,Apparel,87.71,1977
2024,APLA,Wholesale,Apparel,37.79,4072
2024,North America,Direct,Footwear,36.42,3943
2024,North America,Wholesale,Equipment,33.94,1799
2024,EMEA,Wholesale,Footwear,39.95,1129
2024,APLA,Wholesale,Footwear,60.17,4695
2024,North America,Wholesale,Apparel,73.63,816
2024,Greater China,Wholesale,Equipment,69.63,4186
2024,Greater China,Wholesale,Equipment,82.69,765
2024,North America,Direct,Equipment,89.73,2308
2024,North America,Wholesale,Apparel,83.45,1179
2024,APLA,Direct,Apparel,11.71,327
2024,APLA,Wholesale,Apparel,76.23,248
2024,EMEA,Wholesale,Apparel,28.76,1169
2024,APLA,Direct,Apparel,21.96,4827
2024,Greater China,Wholesale,Equipment,67.46,1463
2024,Greater China,Direct,Footwear,38.78,4608
2024,North America,Direct,Equipment,15.14,1855
2024,APLA,Direct,Footwear,22.39,619
2024,EMEA,Direct,Apparel,10.08,3644
2024,Greater China,Wholesale,Footwear,91.29,2422
2024,Greater China,Wholesale,Equipment,12.22,1202
2024,EMEA,Direct,Equipment,28.85,697
2024,EMEA,Wholesale,Footwear,47.46,3373
2024,Greater China,Wholesale,Apparel,42.09,4149
2024,Greater China,Direct,Apparel,92.06,2705
2024,EMEA,Wholesale,Equipment,13.63,2288
2024,Greater China,Direct,Footwear,56.1,4925
2024,North America,Direct,Apparel,71.24,688
2024,North America,Wholesale,Apparel,93.85,4572
2024,EMEA,Wholesale,Equipment,65.83,1507
2024,APLA,Wholesale,Apparel,82.34,4946
2024,EMEA,Direct,Footwear,17.54,4822
2024,EMEA,Direct,Equipment,44.73,3490
2024,APLA,Wholesale,Equipment,43.66,3540
2024,APLA,Wholesale,Footwear,89.77,1729
2024,APLA,Wholesale,Equipment,23.62,1094
2024,North America,Wholesale,Apparel,23.67,4898
2024,Greater China,Direct,Apparel,39.57,2159
2024,North America,Wholesale,Footwear,14.9,4672
2024,Greater China,Direct,Apparel,26.42,3086
2024,North America,Direct,Footwear,96.87,500
2024,Greater China,Wholesale,Footwear,48.54,2955
2024,North America,Wholesale,Apparel,66.88,2324
2024,APLA,Wholesale,Footwear,75.35,3512
2024,EMEA,Direct,Apparel,43.03,156
2024,North America,Wholesale,Equipment,23.25,1975
2024,Greater China,Wholesale,Equipment,28.59,4643
2024,APLA,Direct,Footwear,38.19,4398
2024,North America,Wholesale,Apparel,67.25,3868
2024,North America,Direct,Apparel,45.85,4933
2024,APLA,Wholesale,Equipment,10.61,4397
2024,North America,Direct,Equipment,57.11,1453
2024,EMEA,Wholesale,Apparel,92.94,2510
2024,North America,Wholesale,Footwear,83.09,4411
2024,EMEA,Direct,Equipment,84.27,2702
2024,EMEA,Direct,Footwear,81.56,3034
2024,APLA,Wholesale,Footwear,39.14,122
2024,North America,Direct,Equipment,78.87,2302
2024,APLA,Direct,Footwear,22.88,1309
2024,North America,Direct,Footwear,69.19,2396
2024,North America,Direct,Apparel,67.74,848
2024,Greater China,Wholesale,Footwear,12.3,904
2024,North America,Wholesale,Apparel,80.92,233
2024,APLA,Direct,Equipment,91.29,4516
2024,EMEA,Direct,Equipment,34.07,2537
2024,North America,Direct,Apparel,83.12,533
2024,Greater China,Direct,Equipment,17.42,3771
2024,APLA,Wholesale,Footwear,64.0,3836
2024,North America,Wholesale,Footwear,53.71,4139
2024,APLA,Direct,Footwear,59.13,2198
2024,Greater China,Direct,Equipment,93.36,3017
2024,Greater China,Direct,Footwear,88.42,352
2024,APLA,Wholesale,Equipment,80.66,4934
2024,North America,Direct,Footwear,34.63,1229
2024,EMEA,Wholesale,Apparel,92.06,3364
2024,Greater China,Direct,Equipment,18.78,401
2024,North America,Wholesale,Equipment,86.8,2077
2024,North America,Direct,Footwear,39.53,2863
2024,EMEA,Wholesale,Equipment,14.84,4105
2024,Greater China,Direct,Equipment,70.24,3341
2024,Greater China,Direct,Apparel,30.82,3157
2024,North America,Direct,Apparel,31.92,650
2024,North America,Wholesale,Footwear,37.54,1687
2024,EMEA,Direct,Apparel,15.73,1922
2024,EMEA,Wholesale,Footwear,25.94,3317
2024,Greater China,Wholesale,Footwear,10.46,3596
2024,APLA,Direct,Footwear,50.09,4509
2024,Greater China,Direct,Equipment,17.58,4379
2024,North America,Direct,Apparel,71.44,812
2024,Greater China,Wholesale,Footwear,31.21,2275
2024,APLA,Direct,Apparel,94.92,4172
2024,EMEA,Wholesale,Footwear,88.41,3949
2024,APLA,Wholesale,Apparel,36.05,2533
2024,APLA,Direct,Apparel,80.49,3401
2024,APLA,Direct,Footwear,82.29,370
2024,EMEA,Direct,Equipment,98.79,1894
2024,APLA,Direct,Apparel,63.81,2562
2024,APLA,Direct,Equipment,17.38,4393
2024,APLA,Direct,Equipment,68.22,3494
2024,North America,Wholesale,Footwear,66.25,1179
2024,APLA,Wholesale,Footwear,67.45,2978
2024,EMEA,Wholesale,Footwear,37.64,4823
2024,APLA,Direct,Apparel,87.37,703
2024,APLA,Wholesale,Footwear,96.35,1685
2024,EMEA,Wholesale,Footwear,29.59,3157
2024,APLA,Wholesale,Apparel,17.93,4085
2024,EMEA,Wholesale,Apparel,27.51,4789
2024,APLA,Wholesale,Footwear,83.85,1495
2024,EMEA,Direct,Footwear,70.9,3788
2024,APLA,Direct,Footwear,67.24,699
2024,APLA,Wholesale,Footwear,46.16,613
2024,North America,Wholesale,Equipment,62.0,1166
2024,North America,Wholesale,Equipment,37.71,2986
2024,APLA,Direct,Footwear,52.95,2753
2024,APLA,Direct,Equipment,81.38,1188
2024,Greater China,Wholesale,Apparel,98.31,4485
2024,EMEA,Direct,Equipment,93.92,4964
2024,Greater China,Direct,Equipment,94.05,2614
2024,North America,Wholesale,Footwear,46.2,4069
2024,North America,Direct,Equipment,52.19,3384
2024,North America,Direct,Equipment,73.51,4666
2024,North America,Wholesale,Equipment,93.0,2296
2024,APLA,Direct,Equipment,22.78,4283
2024,North America,Direct,Apparel,37.38,889
2024,APLA,Wholesale,Footwear,22.53,3575
2024,APLA,Direct,Footwear,65.08,3253
2024,North America,Direct,Apparel,37.57,1764
2024,North America,Wholesale,Equipment,39.35,1409
2024,EMEA,Wholesale,Apparel,16.38,964
2024,Greater China,Wholesale,Equipment,41.48,3963
2024,North America,Direct,Apparel,87.62,3463
2024,EMEA,Wholesale,Footwear,30.98,3624
2024,EMEA,Direct,Footwear,72.57,3886
2024,Greater China,Wholesale,Footwear,66.67,123
2024,APLA,Direct,Equipment,87.71,3103
2024,North America,Wholesale,Equipment,21.91,410
2024,Greater China,Wholesale,Apparel,97.98,1331
2024,North America,Wholesale,Apparel,62.44,3888
2024,EMEA,Wholesale,Footwear,99.59,2811
2024,EMEA,Direct,Equipment,92.04,4901
2024,APLA,Wholesale,Apparel,29.94,521
2024,EMEA,Wholesale,Equipment,15.05,1873
2024,EMEA,Direct,Equipment,33.01,3668
2024,Greater China,Wholesale,Footwear,57.48,1046
2024,North America,Direct,Footwear,25.44,1286
2024,North America,Wholesale,Equipment,25.07,1934
2024,Greater China,Wholesale,Equipment,51.63,1664
2024,APLA,Wholesale,Equipment,12.99,2047
2024,North America,Direct,Equipment,20.97,1408
2024,EMEA,Wholesale,Footwear,47.43,3086
2024,North America,Wholesale,Apparel,15.68,486
2024,EMEA,Wholesale,Footwear,45.71,1261
2024,APLA,Direct,Apparel,52.66,3358
2024,Greater China,Direct,Equipment,50.61,4911
2024,North America,Wholesale,Apparel,88.23,4033
2024,Greater China,Direct,Footwear,57.71,2947
2024,North America,Wholesale,Footwear,52.12,4621
2024,EMEA,Wholesale,Equipment,46.96,1539
2024,Greater China,Wholesale,Footwear,83.59,3542
2024,North America,Wholesale,Equipment,90.56,4580
2024,EMEA,Wholesale,Footwear,86.79,155
2024,Greater China,Wholesale,Footwear,70.62,3424
2024,Greater China,Wholesale,Equipment,22.36,205
2024,North America,Direct,Apparel,34.92,3301
2024,North America,Direct,Footwear,14.15,769
2024,North America,Direct,Apparel,93.77,4571
2024,EMEA,Direct,Footwear,69.47,842
2024,North America,Direct,Footwear,77.17,1066
2024,Greater China,Direct,Footwear,38.04,407
2024,Greater China,Direct,Footwear,86.11,2238
2024,North America,Wholesale,Apparel,33.36,3564
2024,North America,Wholesale,Apparel,10.15,4997
2024,APLA,Wholesale,Footwear,43.88,209
2024,Greater China,Wholesale,Footwear,61.37,3732
2024,EMEA,Direct,Apparel,53.08,4535
2024,APLA,Direct,Equipment,87.59,2015
2024,North America,Wholesale,Equipment,19.49,4363
2024,North America,Wholesale,Apparel,59.84,656
2024,Greater China,Direct,Footwear,56.17,204
2024,North America,Wholesale,Footwear,35.33,2147
2024,EMEA,Wholesale,Equipment,84.0,245
2024,Greater China,Wholesale,Equipment,77.76,2863
2024,North America,Wholesale,Apparel,75.96,973
2024,Greater China,Direct,Equipment,88.86,398
2024,North America,Wholesale,Apparel,75.05,3338
2024,North America,Wholesale,Equipment,30.87,745
2024,North America,Direct,Equipment,73.5,4833
2024,EMEA,Direct,Equipment,37.69,3178
2024,EMEA,Wholesale,Footwear,31.8,2611
2024,Greater China,Direct,Footwear,16.57,883
2024,North America,Wholesale,Footwear,76.96,470
2024,North America,Wholesale,Equipment,73.99,586
2024,EMEA,Direct,Apparel,31.1,2137
2024,North America,Wholesale,Apparel,77.44,3296
2024,EMEA,Wholesale,Apparel,92.61,1460
2024,North America,Wholesale,Apparel,19.72,4387
2024,Greater China,Wholesale,Footwear,30.94,4925
2024,North America,Direct,Footwear,77.52,2361
2024,North America,Direct,Equipment,34.71,2721
2024,APLA,Wholesale,Equipment,66.22,1056
2024,EMEA,Direct,Apparel,17.3,480
2024,North America,Wholesale,Footwear,50.7,3749
2024,North America,Wholesale,Apparel,76.52,4993
2024,APLA,Wholesale,Equipment,71.79,338
2024,APLA,Wholesale,Equipment,83.36,1205
2024,EMEA,Wholesale,Apparel,88.97,1486
2024,APLA,Direct,Equipment,79.59,2652
2024,Greater China,Wholesale,Apparel,70.44,2349
2024,APLA,Direct,Footwear,12.86,1627
2024,Greater China,Direct,Apparel,58.15,1767
2024,EMEA,Wholesale,Footwear,13.39,4232
2024,EMEA,Wholesale,Footwear,82.73,2791
2024,EMEA,Wholesale,Equipment,38.87,3772
2024,EMEA,Wholesale,Equipment,60.62,2096
2024,EMEA,Wholesale,Equipment,35.15,1525
2024,Greater China,Direct,Apparel,80.43,2912
2025,Greater China,Wholesale,Apparel,89.79,3347
2025,EMEA,Wholesale,Equipment,45.88,2692
2025,APLA,Direct,Apparel,87.66,1590
2025,North America,Direct,Equipment,34.04,1324
2025,EMEA,Wholesale,Apparel,58.12,2687
2025,APLA,Direct,Footwear,87.29,3164
2025,North America,Wholesale,Footwear,39.33,932
2025,EMEA,Direct,Equipment,95.86,4792
2025,EMEA,Direct,Apparel,20.97,2540
2025,Greater China,Wholesale,Apparel,11.64,4895
2025,North America,Direct,Footwear,91.37,1746
2025,North America,Direct,Footwear,16.18,540
2025,APLA,Direct,Equipment,99.27,1629
2025,Greater China,Direct,Footwear,95.63,3065
2025,Greater China,Direct,Equipment,22.33,2467
2025,Greater China,Direct,Footwear,58.38,3386
2025,Greater China,Wholesale,Footwear,26.64,4763
2025,North America,Wholesale,Apparel,48.53,4431
2025,North America,Direct,Footwear,15.53,1404
2025,EMEA,Wholesale,Footwear,30.15,3134
2025,EMEA,Wholesale,Equipment,42.69,3788
2025,Greater China,Wholesale,Footwear,49.48,4073
2025,Greater China,Direct,Equipment,97.97,1285
2025,Greater China,Wholesale,Footwear,82.71,3362
2025,EMEA,Direct,Footwear,76.37,2207
2025,APLA,Wholesale,Equipment,58.33,1940
2025,APLA,Direct,Apparel,85.6,4420
2025,EMEA,Direct,Equipment,40.54,2847
2025,EMEA,Wholesale,Equipment,73.8,4777
2025,EMEA,Wholesale,Equipment,99.44,4364
2025,EMEA,Direct,Apparel,38.32,3233
2025,EMEA,Wholesale,Footwear,70.66,3520
2025,EMEA,Wholesale,Equipment,85.99,1565
2025,Greater China,Wholesale,Equipment,92.42,4209
2025,Greater China,Direct,Apparel,74.61,2311
2025,Greater China,Direct,Equipment,35.52,2904
2025,Greater China,Wholesale,Footwear,39.37,1643
2025,EMEA,Wholesale,Apparel,11.87,1789
2025,APLA,Wholesale,Footwear,78.48,1671
2025,North America,Direct,Footwear,13.85,4641
2025,EMEA,Direct,Apparel,87.82,3379
2025,North America,Wholesale,Equipment,20.68,3641
2025,APLA,Wholesale,Footwear,25.47,4911
2025,Greater China,Wholesale,Footwear,52.89,3123
2025,APLA,Wholesale,Footwear,76.41,918
2025,EMEA,Wholesale,Footwear,22.51,4621
2025,Greater China,Wholesale,Apparel,49.61,1224
2025,EMEA,Direct,Apparel,53.46,1229
2025,Greater China,Wholesale,Footwear,29.11,1802
2025,North America,Direct,Equipment,20.4,2101
2025,North America,Wholesale,Footwear,85.28,3978
2025,North America,Wholesale,Equipment,55.22,4472
2025,APLA,Direct,Footwear,11.29,1906
2025,EMEA,Direct,Equipment,82.27,3047
2025,APLA,Direct,Footwear,98.27,3309
2025,North America,Direct,Equipment,64.53,2252
2025,EMEA,Wholesale,Footwear,55.33,4741
2025,North America,Direct,Footwear,89.06,4305
2025,APLA,Wholesale,Equipment,95.73,644
2025,APLA,Direct,Apparel,77.91,2501
2025,APLA,Wholesale,Equipment,50.09,4938
2025,North America,Wholesale,Apparel,63.3,2464
2025,EMEA,Wholesale,Footwear,73.08,1389
2025,EMEA,Wholesale,Equipment,27.48,3865
2025,North America,Wholesale,Equipment,50.25,1975
2025,EMEA,Wholesale,Equipment,84.68,4528
2025,North America,Direct,Apparel,68.93,4787
2025,EMEA,Wholesale,Apparel,47.01,882
2025,Greater China,Direct,Footwear,69.7,639
2025,Greater China,Direct,Apparel,20.64,2882
2025,APLA,Wholesale,Apparel,46.13,2768
2025,Greater China,Direct,Footwear,81.38,4814
2025,Greater China,Wholesale,Equipment,29.85,4037
2025,Greater China,Direct,Equipment,26.74,3056
2025,North America,Wholesale,Footwear,95.57,3822
2025,Greater China,Direct,Equipment,28.89,3967
2025,Greater China,Wholesale,Apparel,33.48,1933
2025,APLA,Wholesale,Footwear,97.27,2246
2025,Greater China,Wholesale,Footwear,76.12,2270
2025,Greater China,Wholesale,Footwear,72.96,3491
2025,EMEA,Direct,Equipment,86.76,1716
2025,APLA,Wholesale,Footwear,20.42,4717
2025,APLA,Direct,Footwear,73.54,1016
2025,APLA,Direct,Footwear,55.33,4912
2025,APLA,Direct,Equipment,84.62,2856
2025,APLA,Wholesale,Apparel,55.73,2036
2025,APLA,Direct,Footwear,65.82,4142
2025,North America,Direct,Apparel,53.0,3191
2025,Greater China,Direct,Equipment,53.03,4755
2025,APLA,Wholesale,Equipment,79.12,1068
2025,Greater China,Wholesale,Equipment,66.57,3464
2025,Greater China,Direct,Equipment,66.99,3303
2025,North America,Wholesale,Apparel,50.53,989
2025,APLA,Wholesale,Footwear,57.8,892
2025,EMEA,Direct,Equipment,77.11,3558
2025,North America,Direct,Equipment,84.33,1081
2025,EMEA,Wholesale,Apparel,72.69,3631
2025,Greater China,Direct,Apparel,93.17,3629
2025,Greater China,Wholesale,Equipment,83.83,901
2025,North America,Wholesale,Footwear,60.57,142
2025,North America,Wholesale,Footwear,70.43,3449
2025,EMEA,Wholesale,Equipment,93.37,1877
2025,APLA,Wholesale,Apparel,65.73,3301
2025,EMEA,Wholesale,Equipment,84.23,449
2025,North America,Direct,Equipment,71.99,1667
2025,EMEA,Direct,Apparel,59.67,1229
2025,North America,Wholesale,Equipment,31.77,3059
2025,EMEA,Wholesale,Equipment,48.34,3887
2025,North America,Wholesale,Equipment,97.1,1880
2025,North America,Direct,Apparel,69.2,683
2025,North America,Wholesale,Footwear,60.8,4627
2025,APLA,Direct,Footwear,93.97,3477
2025,EMEA,Wholesale,Apparel,62.79,3501
2025,EMEA,Wholesale,Footwear,57.35,3285
2025,EMEA,Direct,Equipment,78.34,2294
2025,North America,Direct,Footwear,74.14,1262
2025,EMEA,Wholesale,Equipment,27.38,398
2025,EMEA,Wholesale,Footwear,52.42,3447
2025,North America,Wholesale,Apparel,52.53,2039
2025,Greater China,Direct,Footwear,44.04,888
2025,North America,Direct,Footwear,56.56,2989
2025,EMEA,Direct,Footwear,47.18,1477
2025,North America,Direct,Apparel,27.94,2049
2025,Greater China,Direct,Footwear,47.11,3372
2025,North America,Direct,Apparel,16.5,977
2025,EMEA,Wholesale,Equipment,61.82,3842
2025,Greater China,Wholesale,Footwear,86.83,1677
2025,APLA,Direct,Apparel,75.28,3239
2025,EMEA,Wholesale,Apparel,42.44,2592
2025,Greater China,Wholesale,Footwear,17.84,2855
2025,Greater China,Direct,Equipment,28.19,2003
2025,APLA,Wholesale,Apparel,59.09,1482
2025,North America,Direct,Footwear,28.64,4340
2025,North America,Direct,Equipment,58.96,2422
2025,EMEA,Wholesale,Apparel,30.84,2656
2025,APLA,Direct,Apparel,86.4,1961
2025,North America,Direct,Equipment,45.75,1966
2025,APLA,Direct,Equipment,32.1,4147
2025,North America,Direct,Footwear,83.11,3275
2025,Greater China,Direct,Footwear,40.86,1198
2025,North America,Direct,Apparel,20.03,1834
2025,APLA,Direct,Equipment,61.34,4763
2025,Greater China,Direct,Equipment,62.34,3516
2025,Greater China,Wholesale,Equipment,74.32,4726
2025,Greater China,Wholesale,Apparel,31.62,780
2025,APLA,Wholesale,Equipment,49.94,2170
2025,EMEA,Direct,Equipment,35.41,4924
2025,EMEA,Direct,Apparel,17.29,1829
2025,EMEA,Wholesale,Footwear,88.9,2291
2025,APLA,Wholesale,Footwear,75.6,767
2025,Greater China,Wholesale,Apparel,37.13,1712
2025,EMEA,Direct,Equipment,63.94,780
2025,APLA,Wholesale,Apparel,28.11,1072
2025,EMEA,Wholesale,Footwear,90.12,2946
2025,North America,Direct,Footwear,20.34,2232
2025,EMEA,Wholesale,Apparel,10.35,2563
2025,EMEA,Direct,Apparel,55.18,2629
2025,Greater China,Direct,Footwear,62.48,2603
2025,APLA,Direct,Apparel,62.11,4492
2025,Greater China,Wholesale,Footwear,14.91,3283
2025,Greater China,Wholesale,Apparel,38.26,4133
2025,Greater China,Direct,Apparel,54.93,3267
2025,Greater China,Wholesale,Apparel,29.49,3097
2025,Greater China,Wholesale,Footwear,88.54,3327
2025,EMEA,Wholesale,Apparel,17.84,2252
2025,Greater China,Wholesale,Footwear,53.86,1828
2025,Greater China,Direct,Footwear,72.23,2124
2025,APLA,Wholesale,Apparel,33.56,429
2025,North America,Direct,Apparel,66.18,2586
2025,EMEA,Direct,Footwear,84.64,1255
2025,EMEA,Wholesale,Footwear,27.13,1990
2025,EMEA,Direct,Equipment,92.55,4577
2025,Greater China,Wholesale,Footwear,59.82,2285
2025,Greater China,Wholesale,Equipment,36.93,2417
2025,Greater China,Direct,Equipment,48.78,3721
2025,APLA,Direct,Equipment,38.1,4591
2025,North America,Direct,Apparel,75.26,2611
2025,Greater China,Direct,Apparel,81.67,549
2025,North America,Wholesale,Footwear,84.96,1454
2025,APLA,Wholesale,Equipment,98.72,1393
2025,EMEA,Wholesale,Apparel,81.22,2565
2025,Greater China,Direct,Apparel,64.12,3202
2025,North America,Direct,Apparel,40.53,1949
2025,North America,Direct,Apparel,59.01,3275
2025,Greater China,Wholesale,Apparel,13.7,4381
2025,EMEA,Direct,Equipment,77.03,3299
2025,EMEA,Wholesale,Equipment,50.14,1333
2025,EMEA,Direct,Equipment,11.8,1537
2025,APLA,Wholesale,Equipment,15.63,3452
2025,North America,Wholesale,Footwear,44.87,4130
2025,North America,Direct,Equipment,62.51,352
2025,North America,Direct,Apparel,51.78,118
2025,APLA,Wholesale,Equipment,65.73,2859
2025,North America,Wholesale,Footwear,53.23,322
2025,APLA,Direct,Apparel,69.55,102
2025,EMEA,Direct,Equipment,29.72,1359
2025,Greater China,Wholesale,Equipment,20.16,4423
2025,North America,Direct,Equipment,63.68,4694
2025,North America,Wholesale,Apparel,53.62,2668
2025,EMEA,Wholesale,Apparel,12.42,1985
2025,Greater China,Direct,Footwear,44.24,1399
2025,APLA,Direct,Apparel,19.55,2438
2025,Greater China,Direct,Apparel,57.82,1176
2025,EMEA,Direct,Equipment,45.62,3858
2025,EMEA,Direct,Apparel,65.18,3281
2025,Greater China,Wholesale,Equipment,82.5,4910
2025,APLA,Wholesale,Equipment,36.97,1047
2025,APLA,Direct,Apparel,96.59,3838
2025,North America,Direct,Footwear,58.21,2831
2025,APLA,Direct,Footwear,65.65,4107
2025,Greater China,Wholesale,Apparel,71.26,969
2025,EMEA,Direct,Footwear,70.01,193
2025,North America,Direct,Equipment,55.99,3087
2025,North America,Wholesale,Equipment,48.59,4755
2025,EMEA,Wholesale,Apparel,14.84,1875
2025,APLA,Direct,Footwear,11.99,2360
2025,EMEA,Direct,Footwear,42.22,535
2025,APLA,Direct,Equipment,40.03,4400
2025,EMEA,Wholesale,Apparel,44.89,3244
2025,Greater China,Direct,Footwear,22.45,3687
2025,APLA,Direct,Apparel,76.44,176
2025,Greater China,Direct,Footwear,87.13,915
2025,North America,Wholesale,Equipment,94.48,867
2025,EMEA,Wholesale,Equipment,54.31,3785
2025,North America,Direct,Apparel,73.08,205
2025,North America,Direct,Equipment,87.0,4016
2025,North America,Wholesale,Footwear,47.65,2973
2025,North America,Wholesale,Equipment,37.85,3446
2025,EMEA,Wholesale,Apparel,94.31,3248
2025,North America,Wholesale,Apparel,56.41,3248
2025,EMEA,Wholesale,Apparel,54.75,1565
2025,EMEA,Wholesale,Footwear,26.06,2687
2025,Greater China,Wholesale,Footwear,19.73,344
2025,APLA,Wholesale,Footwear,85.79,2725
2025,APLA,Wholesale,Footwear,65.27,3949
2025,EMEA,Direct,Footwear,39.32,1505
2025,Greater China,Direct,Equipment,27.26,1081
2025,EMEA,Direct,Footwear,59.99,3908
2025,EMEA,Wholesale,Footwear,62.55,241
2025,EMEA,Direct,Equipment,28.63,992
2025,Greater China,Wholesale,Footwear,86.63,2499
2025,APLA,Wholesale,Apparel,17.58,4740
2025,Greater China,Direct,Footwear,42.05,3060
2025,North America,Wholesale,Footwear,71.23,2299
2025,Greater China,Direct,Apparel,34.67,1569
2025,Greater China,Direct,Apparel,84.49,2800
2025,Greater China,Direct,Apparel,76.59,3105
2025,Greater China,Wholesale,Apparel,81.01,4958
2025,APLA,Direct,Footwear,20.72,3474
2025,North America,Wholesale,Apparel,22.65,4819
2025,APLA,Direct,Apparel,35.78,755
2025,APLA,Direct,Equipment,56.63,2868
2025,Greater China,Direct,Apparel,77.32,142
2025,EMEA,Wholesale,Apparel,85.29,2411
2025,EMEA,Wholesale,Equipment,73.39,1760
2025,APLA,Wholesale,Equipment,93.57,4791
2025,APLA,Direct,Footwear,76.49,2324
2025,Greater China,Direct,Equipment,37.56,2210
2025,APLA,Wholesale,Footwear,33.86,1057
2025,Greater China,Wholesale,Equipment,72.66,660
2025,EMEA,Wholesale,Equipment,27.36,1430
2025,EMEA,Wholesale,Footwear,18.34,1412
2025,North America,Wholesale,Equipment,57.9,1921
2025,EMEA,Wholesale,Footwear,83.95,3102
2025,APLA,Direct,Equipment,19.12,3503
2025,EMEA,Wholesale,Apparel,81.27,2751
2025,Greater China,Direct,Equipment,83.04,1914
2025,EMEA,Direct,Footwear,53.4,1841
2025,North America,Wholesale,Equipment,15.16,4801
2025,EMEA,Wholesale,Footwear,25.71,3908
2025,Greater China,Direct,Footwear,73.67,2977
2025,Greater China,Wholesale,Apparel,74.06,3370
2025,APLA,Wholesale,Apparel,90.85,4183
2025,EMEA,Direct,Footwear,62.44,845
2025,Greater China,Direct,Equipment,21.17,657
2025,North America,Direct,Footwear,20.93,3401
2025,APLA,Wholesale,Footwear,74.9,1041
2025,North America,Direct,Equipment,26.54,4123
2025,EMEA,Wholesale,Equipment,39.55,2396
2025,EMEA,Direct,Equipment,53.85,1039
2025,EMEA,Direct,Equipment,12.23,1710
2025,APLA,Direct,Footwear,32.39,1825
2025,Greater China,Wholesale,Footwear,46.71,1084
2025,APLA,Wholesale,Apparel,35.17,1687
2025,North America,Direct,Footwear,22.27,4121
2025,APLA,Direct,Equipment,75.52,1436
2025,North America,Direct,Apparel,83.18,3237
2025,APLA,Wholesale,Equipment,33.17,761
2025,Greater China,Direct,Footwear,79.7,132
2025,North America,Wholesale,Apparel,44.7,3514
2025,EMEA,Direct,Equipment,55.6,1256
2025,EMEA,Direct,Apparel,87.04,3226
2025,APLA,Direct,Apparel,77.5,160
2025,EMEA,Direct,Footwear,82.46,4028
2025,North America,Direct,Equipment,22.32,1643
2025,EMEA,Direct,Apparel,16.27,371
2025,Greater China,Wholesale,Apparel,90.41,4176
2025,Greater China,Direct,Equipment,44.91,3488
2025,APLA,Wholesale,Apparel,35.91,2852
2025,North America,Direct,Apparel,75.22,2809
2025,Greater China,Direct,Apparel,85.28,1254
2025,Greater China,Wholesale,Equipment,87.62,4505
2025,North America,Direct,Equipment,38.44,3953
2025,EMEA,Wholesale,Equipment,86.7,1845
2025,EMEA,Wholesale,Equipment,13.68,3532
2025,APLA,Direct,Footwear,14.47,437
2025,EMEA,Wholesale,Apparel,66.12,109
2025,North America,Wholesale,Equipment,15.68,4244
2025,Greater China,Direct,Apparel,39.21,830
2025,EMEA,Wholesale,Apparel,70.55,4990
2025,APLA,Direct,Footwear,40.35,1748
2025,EMEA,Direct,Equipment,26.16,4328
2025,North America,Direct,Equipment,35.32,3754
2025,APLA,Direct,Apparel,51.18,2230
2025,EMEA,Wholesale,Equipment,52.78,4571
2025,APLA,Direct,Apparel,80.47,2496
2025,North America,Direct,Apparel,77.51,4466
2025,Greater China,Wholesale,Footwear,51.11,1606
2025,North America,Direct,Footwear,86.11,2258
2025,North America,Direct,Footwear,20.28,3016
2025,North America,Wholesale,Apparel,32.98,4271
2025,North America,Wholesale,Equipment,84.52,3329
2025,Greater China,Wholesale,Footwear,44.02,3703
2025,Greater China,Wholesale,Equipment,98.31,1766
2025,APLA,Wholesale,Footwear,51.96,4524
2025,EMEA,Wholesale,Footwear,81.27,4236
2025,Greater China,Wholesale,Apparel,46.21,3069
2025,Greater China,Direct,Footwear,48.25,2789
2025,EMEA,Wholesale,Footwear,44.46,2426
2025,Greater China,Wholesale,Apparel,74.72,2910
2025,North America,Wholesale,Equipment,59.28,2616
2025,North America,Direct,Footwear,94.94,3571
2025,EMEA,Direct,Apparel,32.58,112
2025,APLA,Wholesale,Footwear,19.05,3070
2025,APLA,Wholesale,Apparel,45.39,3721
2025,EMEA,Wholesale,Equipment,65.5,3783
2025,EMEA,Direct,Equipment,87.47,3573
2025,North America,Direct,Apparel,41.16,3222
2025,APLA,Wholesale,Apparel,68.84,3564
2025,Greater China,Direct,Apparel,41.52,752
2025,North America,Wholesale,Equipment,65.55,720
2025,EMEA,Direct,Footwear,89.63,3890
2025,APLA,Direct,Equipment,30.82,1745
2025,Greater China,Wholesale,Apparel,46.38,2343
2025,Greater China,Wholesale,Apparel,99.39,4612
2025,North America,Wholesale,Equipment,88.17,4859
2025,APLA,Wholesale,Apparel,60.82,3591
2025,APLA,Direct,Equipment,56.5,3811
2025,EMEA,Direct,Apparel,35.61,3788
2025,APLA,Direct,Footwear,56.55,1479
2025,APLA,Wholesale,Footwear,86.34,4343
2025,North America,Direct,Apparel,71.67,2145
2025,APLA,Wholesale,Equipment,36.1,3148
2025,Greater China,Direct,Footwear,28.13,1488
2025,North America,Wholesale,Equipment,33.87,501
2025,North America,Wholesale,Apparel,25.28,2753
2025,EMEA,Direct,Equipment,18.61,4424
2025,APLA,Wholesale,Footwear,47.72,4023
2025,EMEA,Wholesale,Equipment,20.2,367
2025,Greater China,Direct,Equipment,25.47,4321
2025,North America,Wholesale,Apparel,59.26,1825
2025,North America,Wholesale,Apparel,24.81,1212
2025,North America,Wholesale,Apparel,15.75,2775
2025,Greater China,Direct,Footwear,38.56,4884
2025,Greater China,Direct,Footwear,29.83,1380
2025,EMEA,Wholesale,Apparel,56.38,1332
2025,EMEA,Direct,Apparel,19.21,4476
2025,EMEA,Wholesale,Footwear,77.66,4638
2025,APLA,Wholesale,Footwear,91.56,1963
2025,North America,Wholesale,Footwear,76.91,4584
2025,North America,Wholesale,Footwear,57.95,716
2025,EMEA,Wholesale,Apparel,87.46,246
2025,North America,Direct,Footwear,72.54,4716
2025,EMEA,Wholesale,Apparel,10.95,4825
2025,APLA,Direct,Equipment,45.47,3777
2025,APLA,Direct,Equipment,86.59,388
2025,Greater China,Wholesale,Footwear,41.13,1509
2025,APLA,Wholesale,Equipment,13.17,113
2025,EMEA,Direct,Equipment,77.16,356
2025,APLA,Direct,Equipment,82.18,1821
2025,Greater China,Direct,Footwear,24.45,1523
2025,North America,Wholesale,Footwear,58.36,3090
2025,EMEA,Direct,Equipment,27.28,1295
2025,North America,Wholesale,Apparel,74.73,4659
2025,Greater China,Wholesale,Equipment,34.44,4465
2025,Greater China,Wholesale,Footwear,38.46,1344
2025,Greater China,Direct,Footwear,86.05,3323
2025,North America,Wholesale,Footwear,52.87,3570
2025,North America,Wholesale,Equipment,70.28,4267
2025,North America,Wholesale,Apparel,46.21,4069
2025,North America,Wholesale,Footwear,36.82,1406
2025,Greater China,Wholesale,Footwear,66.29,2221
2025,Greater China,Direct,Equipment,23.94,2502
2025,EMEA,Wholesale,Apparel,43.57,596
2025,EMEA,Wholesale,Equipment,28.81,3499
2025,North America,Direct,Footwear,72.62,3706
2025,APLA,Wholesale,Apparel,94.98,1009
2025,APLA,Direct,Apparel,99.6,472
2025,Greater China,Wholesale,Footwear,50.52,4557
2025,Greater China,Direct,Apparel,32.73,1444
2025,Greater China,Direct,Apparel,49.85,423
2025,EMEA,Wholesale,Equipment,86.25,2531
2025,EMEA,Wholesale,Footwear,28.54,4770
2025,Greater China,Wholesale,Footwear,95.69,4931
2025,Greater China,Direct,Footwear,40.77,2884
2025,Greater China,Direct,Footwear,98.72,2493
2025,APLA,Direct,Footwear,85.47,4020
2025,EMEA,Wholesale,Apparel,82.77,1315
2025,APLA,Direct,Equipment,38.61,1795
2025,APLA,Direct,Footwear,10.79,2007
2025,Greater China,Wholesale,Equipment,44.39,4914
2025,Greater China,Direct,Equipment,37.16,880
2025,North America,Direct,Apparel,13.37,1119
2025,North America,Wholesale,Footwear,55.48,3365
2025,APLA,Direct,Apparel,46.27,1503
2025,EMEA,Wholesale,Footwear,67.11,1526
2025,Greater China,Wholesale,Apparel,65.91,763
2025,Greater China,Wholesale,Equipment,20.87,2747
2025,APLA,Wholesale,Footwear,97.93,110
2025,North America,Wholesale,Equipment,26.82,1138
2025,EMEA,Direct,Equipment,50.07,2925
2025,North America,Direct,Apparel,53.93,3103
2025,North America,Wholesale,Footwear,83.18,4780
2025,North America,Wholesale,Equipment,18.93,1175
2025,North America,Direct,Apparel,48.58,3188
2025,Greater China,Wholesale,Footwear,66.57,1889
2025,Greater China,Wholesale,Footwear,29.36,3136
2025,North America,Wholesale,Equipment,66.47,4938
2025,EMEA,Direct,Footwear,93.13,3753
2025,APLA,Direct,Equipment,99.78,3275
2025,EMEA,Wholesale,Footwear,12.92,4399
2025,EMEA,Wholesale,Apparel,31.2,1176
2025,EMEA,Direct,Equipment,37.93,1073
2025,North America,Direct,Equipment,45.92,1965
2025,Greater China,Wholesale,Footwear,31.8,3225
2025,EMEA,Wholesale,Footwear,28.31,1399
2025,North America,Direct,Equipment,95.91,3506
2025,EMEA,Direct,Footwear,92.67,1258
2025,EMEA,Direct,Apparel,14.23,3229
2025,North America,Wholesale,Footwear,40.49,204
2025,Greater China,Direct,Apparel,46.46,3667
2025,Greater China,Wholesale,Apparel,31.51,4448
2025,APLA,Direct,Apparel,66.6,4490
2025,North America,Direct,Apparel,67.63,1281
2025,APLA,Direct,Apparel,86.55,4744
2025,APLA,Direct,Footwear,76.68,3238
2025,APLA,Wholesale,Apparel,58.83,4494
2025,Greater China,Wholesale,Footwear,68.82,3634
2025,North America,Direct,Apparel,34.66,4296
2025,APLA,Wholesale,Equipment,63.38,3227
2025,North America,Direct,Apparel,54.03,1874
2025,North America,Direct,Equipment,22.0,3914
2025,Greater China,Direct,Apparel,31.83,191
2025,APLA,Direct,Apparel,36.25,546
2025,APLA,Wholesale,Apparel,93.19,208
2025,North America,Direct,Equipment,30.73,4512
2025,EMEA,Direct,Equipment,36.03,3339
2025,Greater China,Wholesale,Apparel,43.24,4153
2025,Greater China,Direct,Footwear,69.74,4637
2025,Greater China,Direct,Apparel,20.64,1345
2025,Greater China,Direct,Equipment,95.86,2820
2025,APLA,Wholesale,Apparel,87.9,377
2025,APLA,Direct,Equipment,61.95,3156
2025,EMEA,Wholesale,Equipment,70.66,4764
2025,Greater China,Direct,Equipment,11.5,3022
2025,Greater China,Direct,Apparel,40.51,2613
2025,North America,Wholesale,Equipment,81.61,938
2025,APLA,Direct,Equipment,16.97,2901
2025,Greater China,Direct,Apparel,35.41,129
2025,EMEA,Wholesale,Equipment,62.68,1357
2025,EMEA,Wholesale,Apparel,33.08,464
2025,APLA,Wholesale,Equipment,94.06,1900
2025,EMEA,Wholesale,Footwear,21.8,1004
2025,EMEA,Wholesale,Footwear,81.77,4893
2025,APLA,Direct,Equipment,55.72,2278
2025,Greater China,Wholesale,Footwear,77.53,2950
2025,Greater China,Direct,Apparel,37.96,2936
2025,EMEA,Direct,Footwear,56.3,4546
2025,EMEA,Direct,Equipment,87.12,279
2025,Greater China,Wholesale,Equipment,52.02,3973
2025,APLA,Wholesale,Apparel,42.37,4060
2025,EMEA,Direct,Equipment,58.25,1286
2025,North America,Wholesale,Apparel,74.56,4059
2025,APLA,Wholesale,Footwear,49.92,873
2025,EMEA,Wholesale,Footwear,94.5,4705
2025,EMEA,Wholesale,Apparel,36.55,4560
2025,North America,Direct,Apparel,52.79,452
2025,North America,Direct,Equipment,78.12,4607
2025,Greater China,Wholesale,Footwear,72.02,4930
2025,APLA,Direct,Apparel,87.73,3128
2025,APLA,Wholesale,Footwear,99.71,217
2025,Greater China,Wholesale,Apparel,48.42,581
2025,APLA,Direct,Footwear,20.0,4387
2025,APLA,Direct,Equipment,12.74,2737
2025,APLA,Direct,Footwear,75.42,206
2025,APLA,Wholesale,Footwear,88.66,4577
2025,APLA,Direct,Footwear,29.86,4978
2025,North America,Wholesale,Footwear,24.26,343
2025,APLA,Direct,Footwear,15.6,2732
2025,North America,Direct,Equipment,84.04,4663
2025,APLA,Wholesale,Apparel,38.02,965
2025,Greater China,Wholesale,Footwear,46.15,3081
2025,EMEA,Wholesale,Equipment,55.25,1661
2025,North America,Wholesale,Footwear,85.55,703
2025,APLA,Wholesale,Footwear,68.57,3162
2025,Greater China,Wholesale,Apparel,65.36,4118
2025,EMEA,Wholesale,Footwear,25.81,2115
2025,North America,Wholesale,Equipment,56.19,1758
2025,EMEA,Direct,Equipment,74.38,3480
2025,Greater China,Wholesale,Apparel,97.59,3867
2025,North America,Wholesale,Footwear,28.13,3870
2025,EMEA,Direct,Equipment,10.86,1713
2025,APLA,Wholesale,Footwear,16.78,1979
2025,North America,Direct,Footwear,43.83,4208
2025,EMEA,Direct,Footwear,83.85,2446
2025,Greater China,Wholesale,Apparel,10.64,1199
2025,Greater China,Direct,Footwear,51.11,1174
2025,North America,Wholesale,Equipment,39.63,886
2025,EMEA,Direct,Footwear,14.72,248
2025,North America,Direct,Equipment,50.52,1854
2025,North America,Direct,Footwear,32.93,2269
2025,EMEA,Wholesale,Equipment,41.67,3856
2025,EMEA,Wholesale,Equipment,73.51,1279
2025,APLA,Direct,Footwear,56.94,3409
2025,EMEA,Direct,Footwear,21.22,2523
2025,Greater China,Wholesale,Equipment,96.53,4277
2025,North America,Wholesale,Apparel,67.23,4687
2025,North America,Direct,Footwear,78.93,1024
2025,Greater China,Direct,Apparel,17.13,1703
2025,EMEA,Wholesale,Footwear,14.24,3152
2025,Greater China,Wholesale,Footwear,11.75,4318
2025,Greater China,Wholesale,Footwear,26.99,4903
2025,APLA,Wholesale,Footwear,47.3,2477
2025,Greater China,Wholesale,Apparel,94.22,3580
2025,North America,Direct,Footwear,51.14,3282
2025,Greater China,Wholesale,Equipment,36.12,2917
2025,North America,Direct,Equipment,60.57,3260
2025,North America,Wholesale,Apparel,20.07,4905
2025,North America,Direct,Footwear,64.86,4989
2025,EMEA,Wholesale,Equipment,61.16,811
2025,APLA,Wholesale,Apparel,81.28,2686
2025,North America,Direct,Footwear,98.8,2748
2025,North America,Direct,Equipment,32.58,1817
2025,EMEA,Wholesale,Equipment,55.87,4452
2025,North America,Wholesale,Apparel,91.8,970
2025,Greater China,Wholesale,Footwear,80.67,3674
2025,Greater China,Wholesale,Footwear,53.87,370
2025,APLA,Wholesale,Equipment,95.08,1643
2025,North America,Direct,Equipment,15.15,649
2025,EMEA,Direct,Equipment,93.79,4763
2025,Greater China,Wholesale,Footwear,14.55,4114
2025,EMEA,Direct,Apparel,59.26,4554
2025,EMEA,Direct,Apparel,90.14,1812
2025,Greater China,Direct,Footwear,33.64,3340
2025,EMEA,Wholesale,Apparel,52.5,1462
2025,Greater China,Direct,Equipment,39.19,4993
2025,EMEA,Wholesale,Apparel,95.69,1384
2025,Greater China,Direct,Apparel,84.13,986
2025,North America,Wholesale,Apparel,73.81,2358
2025,APLA,Direct,Equipment,62.89,4482
2025,Greater China,Wholesale,Footwear,83.85,1885
2025,Greater China,Wholesale,Equipment,45.3,4938
2025,APLA,Direct,Footwear,50.28,3643
2025,Greater China,Wholesale,Footwear,75.7,395
2025,Greater China,Wholesale,Footwear,42.2,2153
2025,EMEA,Wholesale,Apparel,15.75,2697
2025,APLA,Wholesale,Apparel,16.69,780
2025,North America,Wholesale,Footwear,20.38,4990
2025,Greater China,Wholesale,Footwear,88.27,4398
2025,APLA,Wholesale,Apparel,52.5,424
2025,EMEA,Wholesale,Equipment,74.16,2391
2025,North America,Direct,Footwear,45.36,4522
2025,APLA,Direct,Equipment,33.28,1086
2025,North America,Wholesale,Apparel,41.25,3218
2025,North America,Wholesale,Footwear,81.48,860
2025,North America,Direct,Equipment,66.27,3793
2025,Greater China,Direct,Equipment,94.39,1136
2025,Greater China,Direct,Equipment,71.17,1006
2025,EMEA,Wholesale,Apparel,61.32,464
2025,EMEA,Direct,Apparel,64.92,3513
2025,APLA,Wholesale,Equipment,94.81,1169
2025,EMEA,Wholesale,Equipment,80.94,4469
2025,North America,Direct,Apparel,12.16,2355
2025,North America,Wholesale,Equipment,58.07,3786
2025,Greater China,Wholesale,Equipment,71.95,4319
2025,North America,Wholesale,Apparel,77.38,3181
2025,APLA,Wholesale,Equipment,29.18,3358
2025,North America,Direct,Equipment,88.05,2207
2025,North America,Direct,Equipment,96.03,3033
2025,APLA,Wholesale,Apparel,31.3,2929
2025,EMEA,Wholesale,Equipment,89.44,541
2025,EMEA,Direct,Apparel,18.73,1659
2025,APLA,Wholesale,Apparel,15.01,1841
2025,Greater China,Direct,Footwear,21.63,725
2025,North America,Wholesale,Footwear,15.2,3963
2025,APLA,Wholesale,Equipment,86.05,1790
2025,North America,Direct,Apparel,15.31,2881
2025,Greater China,Direct,Footwear,34.45,190
2025,North America,Direct,Equipment,19.34,3106
2025,APLA,Direct,Footwear,36.59,4402
2025,North America,Wholesale,Footwear,18.15,1188
2025,EMEA,Direct,Apparel,70.12,4711
2025,Greater China,Wholesale,Apparel,22.0,1280
2025,Greater China,Direct,Footwear,86.67,2001
2025,Greater China,Direct,Footwear,83.55,4590
2025,APLA,Wholesale,Apparel,11.23,286
2025,Greater China,Direct,Equipment,90.62,1697
2025,EMEA,Direct,Apparel,12.6,3508
2025,APLA,Direct,Footwear,31.57,3847
2025,EMEA,Direct,Equipment,12.92,2770
2025,North America,Wholesale,Footwear,40.23,4925
2025,North America,Wholesale,Equipment,56.25,339
2025,North America,Direct,Footwear,81.7,2680
2025,North America,Direct,Equipment,40.42,4336
2025,EMEA,Direct,Equipment,73.49,238
2025,APLA,Wholesale,Footwear,26.88,2606
2025,APLA,Wholesale,Equipment,77.55,4265
2025,Greater China,Wholesale,Apparel,31.24,4580
2025,EMEA,Wholesale,Footwear,22.92,4825
2025,North America,Direct,Apparel,26.69,2345
2025,EMEA,Direct,Footwear,26.39,4400
2025,Greater China,Direct,Equipment,56.16,1849
2025,Greater China,Wholesale,Equipment,86.03,667
2025,EMEA,Direct,Equipment,17.16,981
2025,EMEA,Wholesale,Footwear,73.63,739
2025,EMEA,Wholesale,Apparel,68.89,4061
2025,APLA,Direct,Apparel,88.53,4520
2025,North America,Direct,Footwear,31.97,4637
2025,EMEA,Direct,Footwear,50.51,4999
2025,EMEA,Wholesale,Apparel,93.32,2435
2025,EMEA,Wholesale,Apparel,69.4,4421
2025,Greater China,Direct,Apparel,44.99,3085
2025,Greater China,Direct,Apparel,21.83,659
2025,APLA,Wholesale,Footwear,33.62,813
2025,North America,Direct,Footwear,62.31,4693
2025,APLA,Wholesale,Equipment,74.64,4088
2025,North America,Wholesale,Apparel,21.2,356
2025,Greater China,Direct,Equipment,63.96,676
2025,Greater China,Direct,Footwear,59.53,137
2025,Greater China,Direct,Footwear,56.26,2172
2025,APLA,Direct,Equipment,72.11,4605
2025,EMEA,Wholesale,Apparel,85.37,560
2025,EMEA,Wholesale,Apparel,39.07,1540
2025,Greater China,Wholesale,Apparel,90.01,4578
2025,EMEA,Direct,Apparel,24.46,1932
2025,EMEA,Wholesale,Equipment,25.57,4764
2025,APLA,Direct,Equipment,34.01,3499
2025,North America,Direct,Footwear,20.76,532
2025,Greater China,Direct,Apparel,30.73,4251
2025,Greater China,Direct,Apparel,19.58,1851
2025,APLA,Direct,Apparel,83.96,2147
2025,APLA,Direct,Equipment,22.51,2940
2025,EMEA,Wholesale,Apparel,77.26,356
2025,Greater China,Direct,Equipment,14.31,771
2025,North America,Wholesale,Apparel,95.37,589
2025,APLA,Wholesale,Apparel,74.0,3814
2025,North America,Direct,Footwear,10.61,2196
2025,North America,Direct,Apparel,78.75,1782
2025,Greater China,Direct,Apparel,56.27,4511
2025,Greater China,Wholesale,Footwear,80.14,2560
2025,APLA,Direct,Equipment,57.02,4629
2025,Greater China,Wholesale,Equipment,67.69,4012
2025,Greater China,Direct,Apparel,80.77,2075
2025,Greater China,Direct,Equipment,46.46,3316
2025,North America,Wholesale,Apparel,10.24,1489
2025,APLA,Wholesale,Footwear,86.5,4615
2025,EMEA,Direct,Footwear,44.28,3956
2025,North America,Wholesale,Apparel,54.64,1684
2025,Greater China,Wholesale,Footwear,10.7,3063
2025,North America,Wholesale,Footwear,54.29,4629
2025,Greater China,Wholesale,Apparel,98.78,1076
2025,Greater China,Wholesale,Apparel,35.04,3464
2025,North America,Direct,Footwear,45.59,145
2025,APLA,Direct,Equipment,71.85,1293
2025,Greater China,Wholesale,Equipment,83.33,3442
2025,APLA,Direct,Apparel,47.57,4612
2025,EMEA,Direct,Apparel,37.87,346
2025,Greater China,Wholesale,Equipment,94.4,3319
2025,APLA,Direct,Footwear,70.94,4425
2025,APLA,Wholesale,Equipment,20.71,891
2025,EMEA,Wholesale,Equipment,16.2,736
2025,APLA,Direct,Equipment,53.52,3875
2025,APLA,Wholesale,Equipment,29.81,2521
2025,EMEA,Wholesale,Apparel,32.86,4933
2025,Greater China,Wholesale,Apparel,88.99,1188
2025,APLA,Wholesale,Footwear,18.06,4283
2025,APLA,Wholesale,Footwear,74.38,3259
2025,APLA,Direct,Footwear,34.4,812
2025,North America,Direct,Footwear,78.43,4796
2025,EMEA,Wholesale,Equipment,75.02,3744
2025,North America,Wholesale,Apparel,10.67,3990
2025,EMEA,Direct,Apparel,55.82,2686
2025,Greater China,Wholesale,Footwear,22.54,4409
2025,Greater China,Direct,Footwear,87.96,2208
2025,APLA,Wholesale,Equipment,88.44,4893
2025,EMEA,Wholesale,Equipment,47.65,3714
2025,Greater China,Wholesale,Footwear,50.0,1342
2025,EMEA,Wholesale,Apparel,37.3,2159
2025,Greater China,Wholesale,Apparel,74.49,3586
2025,North America,Wholesale,Apparel,42.28,4432
2025,Greater China,Wholesale,Footwear,34.1,3910
2025,North America,Direct,Apparel,48.9,4000
2025,Greater China,Direct,Equipment,18.23,2705
2025,APLA,Direct,Equipment,77.19,4842
2025,North America,Wholesale,Footwear,11.13,3134
2025,Greater China,Wholesale,Equipment,68.0,4668
2025,APLA,Wholesale,Footwear,26.46,4307
2025,North America,Wholesale,Apparel,30.92,4151
2025,APLA,Wholesale,Apparel,67.21,3463
2025,EMEA,Wholesale,Apparel,99.36,4121
2025,EMEA,Wholesale,Equipment,79.99,1945
2025,North America,Direct,Footwear,30.33,482
2025,Greater China,Wholesale,Apparel,25.84,4212
2025,North America,Direct,Footwear,87.96,4688
2025,APLA,Direct,Apparel,49.98,3910
2025,Greater China,Wholesale,Equipment,22.33,1996
2025,EMEA,Wholesale,Equipment,87.6,1609
2025,Greater China,Direct,Footwear,83.45,4312
2025,EMEA,Direct,Equipment,98.55,1678
2025,Greater China,Wholesale,Equipment,91.88,979
2025,Greater China,Wholesale,Footwear,86.66,2262
2025,Greater China,Direct,Apparel,14.73,1672
2025,APLA,Wholesale,Equipment,19.4,1748
2025,APLA,Wholesale,Footwear,61.21,4839
2025,North America,Wholesale,Equipment,57.83,1459
2025,North America,Direct,Equipment,51.22,4531
2025,EMEA,Direct,Equipment,45.71,3069
2025,APLA,Direct,Equipment,48.81,4060
2025,EMEA,Wholesale,Footwear,61.24,3911
2025,North America,Wholesale,Footwear,10.19,4342
2025,EMEA,Direct,Footwear,33.46,4317
2025,North America,Direct,Equipment,56.65,180
2025,APLA,Direct,Equipment,75.0,2832
2025,Greater China,Wholesale,Equipment,25.67,2809
2025,APLA,Direct,Footwear,59.22,2522
2025,EMEA,Direct,Equipment,74.3,3741
2025,EMEA,Wholesale,Apparel,50.02,4699
2025,APLA,Wholesale,Equipment,12.44,767
2025,APLA,Wholesale,Apparel,50.43,2596
2025,North America,Direct,Equipment,36.68,3599
2025,EMEA,Wholesale,Footwear,93.67,3598
2025,EMEA,Wholesale,Equipment,21.22,1544
2025,APLA,Direct,Apparel,68.72,1445
2025,Greater China,Wholesale,Apparel,14.74,1289
2025,EMEA,Direct,Equipment,50.16,558
2025,Greater China,Direct,Apparel,59.86,1312
2025,APLA,Wholesale,Apparel,36.82,4659
2025,APLA,Wholesale,Footwear,50.96,1011
2025,North America,Wholesale,Equipment,24.72,1125
2025,EMEA,Wholesale,Equipment,37.37,2511
2025,Greater China,Wholesale,Equipment,65.9,171
2025,North America,Wholesale,Apparel,37.16,2785
2025,EMEA,Direct,Equipment,90.98,1293
2025,North America,Direct,Equipment,66.56,1948
2025,APLA,Wholesale,Footwear,49.48,2484
2025,EMEA,Direct,Footwear,13.49,2122
2025,North America,Wholesale,Footwear,54.96,3841
2025,North America,Direct,Apparel,78.83,4848
2025,Greater China,Direct,Equipment,33.9,1398
2025,North America,Direct,Footwear,82.61,4202
2025,EMEA,Wholesale,Footwear,32.66,1004
2025,EMEA,Direct,Footwear,84.14,3126
2025,Greater China,Wholesale,Equipment,17.67,2128
2025,EMEA,Direct,Equipment,87.96,4811
2025,APLA,Direct,Equipment,54.93,2720
2025,EMEA,Direct,Apparel,36.69,2746
2025,EMEA,Direct,Apparel,33.86,4965
2025,North America,Direct,Footwear,48.88,2389
2025,North America,Wholesale,Equipment,99.91,3972
2025,EMEA,Wholesale,Footwear,29.83,1585
2025,Greater China,Direct,Equipment,19.29,3251
2025,North America,Direct,Equipment,62.65,1540
2025,Greater China,Direct,Equipment,53.97,865
2025,EMEA,Direct,Apparel,57.18,4579
2025,EMEA,Wholesale,Apparel,70.02,2538
2025,APLA,Direct,Equipment,34.04,4192
2025,North America,Wholesale,Footwear,91.96,4883
2025,EMEA,Direct,Equipment,49.21,1249
2025,APLA,Wholesale,Equipment,21.62,3665
2025,North America,Direct,Footwear,76.81,4242
2025,EMEA,Direct,Equipment,67.88,2072
2025,EMEA,Wholesale,Footwear,38.42,2766
2025,North America,Direct,Apparel,65.94,563
2025,North America,Direct,Apparel,29.79,4318
2025,North America,Direct,Footwear,50.04,2281
2025,EMEA,Wholesale,Apparel,90.95,1742
2025,EMEA,Direct,Apparel,22.02,3988
2025,APLA,Direct,Footwear,44.8,940
2025,Greater China,Wholesale,Apparel,83.9,2754
2025,North America,Wholesale,Equipment,97.25,4218
2025,EMEA,Wholesale,Equipment,50.85,665
2025,EMEA,Direct,Footwear,55.63,1064
2025,North America,Direct,Apparel,61.5,2382
2025,Greater China,Direct,Equipment,93.91,1095
2025,North America,Wholesale,Equipment,87.24,1287
2025,Greater China,Direct,Apparel,25.35,4411
2025,EMEA,Direct,Apparel,49.31,3354
2025,Greater China,Wholesale,Equipment,51.76,756
2025,APLA,Wholesale,Equipment,81.02,3082
2025,EMEA,Wholesale,Footwear,64.26,1213
2025,APLA,Wholesale,Footwear,68.88,4506
2025,North America,Wholesale,Equipment,99.84,656
2025,North America,Direct,Footwear,16.75,3119
2025,North America,Wholesale,Equipment,30.07,2404
2025,Greater China,Direct,Equipment,46.71,2680
2025,EMEA,Direct,Footwear,41.3,151
2025,North America,Wholesale,Footwear,11.95,1461
2025,North America,Wholesale,Apparel,18.26,1294
2025,EMEA,Wholesale,Apparel,71.29,4119
2025,North America,Direct,Apparel,89.14,3238
2025,APLA,Wholesale,Equipment,56.28,1748
2025,EMEA,Wholesale,Footwear,58.53,771
2025,EMEA,Wholesale,Equipment,32.96,877
2025,EMEA,Wholesale,Footwear,79.11,2379
2025,APLA,Wholesale,Equipment,77.66,3122
2025,EMEA,Direct,Apparel,62.95,1960
2025,APLA,Direct,Apparel,29.14,3239
2025,EMEA,Direct,Apparel,18.73,1174
2025,Greater China,Wholesale,Equipment,15.78,1816
2025,North America,Wholesale,Footwear,63.34,1383
2025,Greater China,Wholesale,Footwear,84.25,4786
2025,North America,Direct,Apparel,87.25,2086
2025,APLA,Wholesale,Apparel,51.73,2733
2025,Greater China,Wholesale,Apparel,80.58,1101
2025,EMEA,Wholesale,Apparel,95.22,1146
2025,North America,Direct,Footwear,34.77,2276
2025,North America,Wholesale,Equipment,45.82,2438
2025,Greater China,Direct,Equipment,93.83,1955
2025,APLA,Wholesale,Equipment,40.44,600
2025,Greater China,Direct,Equipment,92.25,2333
2025,APLA,Direct,Apparel,98.29,4674
2025,APLA,Direct,Apparel,69.56,2639
2025,North America,Wholesale,Apparel,83.52,4708
2025,Greater China,Wholesale,Equipment,77.46,3814
2025,Greater China,Direct,Apparel,72.96,2432
2025,APLA,Direct,Apparel,37.62,700
2025,Greater China,Wholesale,Footwear,15.14,4384
2025,EMEA,Wholesale,Footwear,40.87,1088
2025,EMEA,Direct,Apparel,70.02,1981
2025,Greater China,Wholesale,Footwear,19.23,4583
2025,Greater China,Wholesale,Footwear,11.07,1854
2025,APLA,Wholesale,Apparel,22.57,2564
2025,EMEA,Wholesale,Apparel,74.42,2323
2025,EMEA,Direct,Apparel,97.55,4582
2025,North America,Wholesale,Apparel,98.48,1594
2025,APLA,Wholesale,Equipment,54.46,952
2025,North America,Direct,Equipment,88.24,551
2025,EMEA,Direct,Apparel,76.31,2424
2025,APLA,Wholesale,Footwear,55.09,1858
2025,Greater China,Wholesale,Apparel,61.55,4408
2025,APLA,Wholesale,Apparel,22.35,3453
2025,Greater China,Wholesale,Footwear,94.39,4236
2025,Greater China,Direct,Equipment,41.67,4795
2025,APLA,Direct,Apparel,50.15,3438
2025,Greater China,Direct,Apparel,70.45,2688
2025,North America,Wholesale,Equipment,40.05,1882
2025,EMEA,Wholesale,Equipment,32.88,3620
2025,Greater China,Wholesale,Footwear,66.79,1879
2025,North America,Wholesale,Equipment,12.25,3232
2025,Greater China,Direct,Equipment,74.87,3673
2025,EMEA,Direct,Equipment,56.26,3318
2025,North America,Wholesale,Footwear,64.52,3857
2025,EMEA,Direct,Equipment,66.87,4116
2025,EMEA,Wholesale,Equipment,57.43,2937
2025,North America,Wholesale,Footwear,62.43,2481
2025,North America,Direct,Equipment,71.54,4339
2025,North America,Wholesale,Equipment,77.78,4036
2025,APLA,Wholesale,Footwear,75.47,4528
2025,North America,Direct,Apparel,88.27,1519
2025,North America,Wholesale,Footwear,27.05,4250
2025,North America,Wholesale,Equipment,46.1,1430
2025,North America,Direct,Equipment,95.3,3017
2025,Greater China,Wholesale,Equipment,45.69,1546
2025,APLA,Direct,Footwear,21.24,1540
2025,EMEA,Wholesale,Equipment,57.29,3844
2025,North America,Direct,Equipment,19.85,2944
2025,Greater China,Direct,Footwear,28.26,4275
2025,Greater China,Direct,Apparel,99.85,964
2025,Greater China,Wholesale,Apparel,58.72,571
2025,EMEA,Direct,Equipment,35.57,1602
2025,North America,Direct,Footwear,99.53,4784
2025,APLA,Direct,Equipment,96.99,1510
2025,APLA,Direct,Footwear,49.67,3870
2025,Greater China,Direct,Footwear,33.44,2005
2025,EMEA,Wholesale,Apparel,85.46,4759
2025,EMEA,Wholesale,Apparel,74.41,4101
2025,EMEA,Wholesale,Footwear,71.82,3604
2025,APLA,Wholesale,Equipment,90.38,3583
2025,Greater China,Wholesale,Apparel,72.05,4662
2025,North America,Wholesale,Equipment,35.54,698
2025,APLA,Wholesale,Apparel,72.45,1091
2025,Greater China,Direct,Apparel,37.52,2032
2025,Greater China,Wholesale,Equipment,78.33,2884
2025,North America,Direct,Apparel,65.78,3141
2025,North America,Direct,Apparel,16.97,166
2025,North America,Wholesale,Equipment,56.16,3498
2025,EMEA,Direct,Apparel,40.9,2850
2025,North America,Direct,Apparel,39.57,569
2025,Greater China,Direct,Apparel,64.2,1824
2025,North America,Direct,Equipment,39.01,4085
2025,Greater China,Wholesale,Footwear,79.92,1731
2025,APLA,Wholesale,Equipment,16.37,874
2025,EMEA,Wholesale,Footwear,69.43,3112
2025,APLA,Wholesale,Apparel,82.83,2603
2025,APLA,Wholesale,Footwear,70.55,1586
2025,Greater China,Wholesale,Equipment,54.75,4119
2025,APLA,Wholesale,Equipment,95.53,4327
2025,Greater China,Wholesale,Apparel,36.99,1029
2025,North America,Wholesale,Footwear,11.73,3112
2025,North America,Wholesale,Apparel,48.88,1605
2025,Greater China,Direct,Apparel,12.97,4829
2025,North America,Wholesale,Equipment,95.85,3044
2025,EMEA,Direct,Footwear,28.89,2919
2025,APLA,Direct,Footwear,81.0,1284
2025,EMEA,Direct,Footwear,79.71,388
2025,APLA,Direct,Footwear,29.6,1911
2025,North America,Wholesale,Apparel,65.91,627
2025,EMEA,Direct,Apparel,14.33,1016
2025,North America,Wholesale,Equipment,53.52,1808
2025,APLA,Wholesale,Apparel,11.32,3674
2025,Greater China,Direct,Apparel,92.9,3419
2025,Greater China,Wholesale,Equipment,97.85,1506
2025,EMEA,Direct,Equipment,30.01,1341
2025,North America,Direct,Equipment,28.73,3233
2025,North America,Wholesale,Apparel,77.83,898
2025,EMEA,Wholesale,Apparel,32.8,1623
2025,Greater China,Direct,Equipment,90.56,4207
2025,APLA,Wholesale,Equipment,61.65,2988
2025,EMEA,Wholesale,Equipment,41.57,2790
2025,APLA,Wholesale,Apparel,84.94,4191
2025,Greater China,Direct,Apparel,54.41,1341
2025,North America,Direct,Footwear,92.05,790
2025,Greater China,Wholesale,Apparel,93.52,627
2025,EMEA,Wholesale,Apparel,24.89,1595
2025,North America,Wholesale,Apparel,10.21,3925
2025,EMEA,Wholesale,Equipment,98.55,2993
2025,EMEA,Wholesale,Apparel,91.55,992
2025,Greater China,Direct,Equipment,14.99,486
2025,EMEA,Wholesale,Footwear,84.97,1349
2025,Greater China,Direct,Footwear,51.2,2628
2025,North America,Wholesale,Equipment,33.31,4603
2025,Greater China,Direct,Equipment,89.09,3628
2025,North America,Wholesale,Equipment,27.7,997
2025,Greater China,Direct,Apparel,95.26,810
2025,APLA,Wholesale,Footwear,28.51,3795
2025,APLA,Direct,Equipment,65.23,2786
2025,EMEA,Direct,Apparel,30.08,4612
2025,Greater China,Direct,Footwear,59.11,515
2025,Greater China,Direct,Apparel,71.56,1571
2025,North America,Direct,Footwear,27.12,4280
2025,EMEA,Direct,Apparel,56.88,4362
2025,Greater China,Wholesale,Footwear,52.22,2531
2025,EMEA,Direct,Footwear,16.39,2615
2025,APLA,Wholesale,Apparel,83.65,1195
2025,Greater China,Wholesale,Equipment,40.21,909
2025,Greater China,Wholesale,Footwear,61.71,3144
2025,EMEA,Wholesale,Equipment,56.33,1092
2025,Greater China,Wholesale,Apparel,56.19,1381
2025,EMEA,Direct,Equipment,19.65,4470
2025,Greater China,Direct,Equipment,48.11,1873
2025,North America,Direct,Equipment,50.71,3661
2025,EMEA,Wholesale,Equipment,76.03,3916
2025,Greater China,Direct,Equipment,85.6,1856
2025,APLA,Direct,Footwear,59.05,2473
2025,Greater China,Direct,Footwear,17.81,2676
2025,APLA,Direct,Footwear,31.32,991
2025,APLA,Direct,Apparel,24.84,4284
2025,North America,Wholesale,Equipment,21.22,807
2025,EMEA,Direct,Footwear,42.93,2497
2025,Greater China,Wholesale,Apparel,30.65,4582
2025,North America,Wholesale,Footwear,29.65,2234
2025,Greater China,Wholesale,Footwear,14.92,2454
2025,APLA,Wholesale,Equipment,11.59,4635
2025,EMEA,Wholesale,Apparel,19.25,1076
2025,Greater China,Direct,Equipment,25.5,834
2025,Greater China,Direct,Equipment,48.79,2568
2025,APLA,Direct,Footwear,55.95,2640
2025,Greater China,Wholesale,Equipment,22.65,732
2025,Greater China,Direct,Apparel,48.23,4368
2025,APLA,Direct,Equipment,40.76,4199
2025,North America,Wholesale,Equipment,26.51,3001
2025,APLA,Wholesale,Equipment,10.62,1763
2025,North America,Wholesale,Footwear,52.03,2115
2025,EMEA,Wholesale,Apparel,71.71,3281
2025,North America,Direct,Footwear,30.36,4163
2025,North America,Wholesale,Footwear,21.86,2730
2025,EMEA,Wholesale,Footwear,89.83,3972
2025,North America,Direct,Footwear,34.75,1154
2025,APLA,Direct,Footwear,30.13,480
2025,North America,Wholesale,Apparel,87.14,3182
2025,EMEA,Direct,Equipment,83.54,2491
2025,APLA,Wholesale,Footwear,50.35,1692
2025,EMEA,Wholesale,Footwear,54.03,4361
2025,EMEA,Direct,Apparel,29.6,2847
2025,Greater China,Direct,Apparel,17.05,2489
2025,Greater China,Wholesale,Equipment,61.61,3653
2025,EMEA,Wholesale,Apparel,18.85,3127
2025,EMEA,Wholesale,Equipment,50.43,1307
2025,EMEA,Direct,Footwear,94.64,3953
2025,Greater China,Wholesale,Footwear,95.76,644
2025,Greater China,Wholesale,Equipment,31.54,3181
2025,North America,Wholesale,Apparel,66.17,3763
2025,North America,Wholesale,Equipment,52.67,2339
2025,EMEA,Wholesale,Apparel,88.81,2467
2025,APLA,Direct,Footwear,34.43,3873
2025,APLA,Wholesale,Apparel,10.33,2727
2025,Greater China,Wholesale,Equipment,24.63,4031
2025,Greater China,Wholesale,Equipment,41.46,2574
2025,Greater China,Wholesale,Footwear,38.41,3230
2025,EMEA,Direct,Apparel,81.22,3607
2025,APLA,Direct,Apparel,71.25,196
2025,North America,Direct,Apparel,36.96,3958
2025,EMEA,Wholesale,Footwear,51.2,2808
2025,North America,Wholesale,Apparel,18.6,3436
2025,North America,Direct,Equipment,90.83,556
2025,EMEA,Direct,Apparel,94.19,4468
2025,North America,Direct,Footwear,98.18,3087
2025,APLA,Wholesale,Apparel,88.17,4188
2025,North America,Wholesale,Apparel,25.66,3984
2025,APLA,Direct,Equipment,14.16,1131
2025,APLA,Direct,Apparel,62.16,307
2025,APLA,Direct,Equipment,92.13,2037
2025,Greater China,Wholesale,Equipment,25.96,1246
2025,North America,Wholesale,Footwear,10.63,4399
2025,EMEA,Wholesale,Equipment,82.49,2664
2025,EMEA,Direct,Equipment,16.91,542
2025,North America,Direct,Footwear,47.23,4884
2025,Greater China,Wholesale,Equipment,71.1,932
2025,Greater China,Direct,Footwear,31.31,1561
2025,APLA,Wholesale,Apparel,17.56,3616
2025,North America,Direct,Footwear,79.3,1259
2025,North America,Direct,Equipment,66.72,486
2025,EMEA,Direct,Footwear,98.96,2141
2025,North America,Direct,Equipment,40.99,2653
2025,Greater China,Wholesale,Apparel,15.56,1818
2025,North America,Direct,Footwear,76.09,4875
2025,EMEA,Wholesale,Apparel,56.96,4150
2025,APLA,Wholesale,Equipment,29.19,3509
2025,EMEA,Wholesale,Equipment,80.36,789
2025,EMEA,Direct,Apparel,28.34,1269
2025,APLA,Wholesale,Footwear,33.46,1052
2025,EMEA,Wholesale,Footwear,18.33,4979
2025,EMEA,Wholesale,Equipment,45.95,4690
2025,North America,Direct,Apparel,47.7,3596
2025,North America,Direct,Apparel,56.31,4017
2025,APLA,Wholesale,Footwear,73.81,4942
2025,North America,Direct,Footwear,91.55,2584
2025,North America,Wholesale,Footwear,22.4,1954
2025,EMEA,Wholesale,Apparel,14.89,3539
2025,Greater China,Direct,Footwear,11.67,3331
2025,North America,Wholesale,Footwear,22.93,2697
2025,Greater China,Direct,Equipment,69.22,4083
2025,North America,Direct,Footwear,75.47,2291
2025,North America,Wholesale,Footwear,80.79,2735
2025,APLA,Direct,Apparel,31.93,756
2025,APLA,Direct,Apparel,37.53,3912
2025,APLA,Wholesale,Equipment,53.48,3440
2025,Greater China,Wholesale,Footwear,15.69,4011
2025,EMEA,Direct,Equipment,65.0,1896
2025,North America,Direct,Apparel,98.54,4463
2025,North America,Wholesale,Equipment,42.47,1862
2025,North America,Direct,Apparel,77.76,4572
2025,Greater China,Direct,Equipment,55.0,3385
2025,APLA,Direct,Equipment,21.5,1685
2025,EMEA,Direct,Footwear,62.4,3663
2025,Greater China,Direct,Equipment,36.99,2540
2025,APLA,Direct,Footwear,13.1,4684
2025,Greater China,Direct,Footwear,67.14,4917
2025,EMEA,Wholesale,Footwear,87.3,3200
2025,APLA,Wholesale,Footwear,41.03,3344
2025,Greater China,Wholesale,Equipment,45.13,1140
2025,EMEA,Wholesale,Apparel,90.19,3227
2025,North America,Wholesale,Apparel,83.22,2373
2025,EMEA,Direct,Apparel,74.35,3729
2025,North America,Direct,Equipment,32.39,2214
2025,Greater China,Direct,Footwear,91.92,1777
2025,APLA,Direct,Apparel,23.9,3194
2025,APLA,Wholesale,Equipment,66.41,1098
2025,Greater China,Direct,Footwear,12.59,2384
2025,APLA,Direct,Apparel,67.93,1689
2025,APLA,Wholesale,Footwear,34.94,1261
2025,North America,Direct,Apparel,50.47,2620
2025,Greater China,Direct,Apparel,41.07,3955
2025,EMEA,Wholesale,Apparel,25.55,4748
2025,North America,Direct,Footwear,65.98,794
2025,Greater China,Direct,Equipment,89.38,4512
2025,North America,Direct,Footwear,96.32,4963
2025,EMEA,Direct,Apparel,27.31,3898
2025,EMEA,Direct,Footwear,74.56,3783
2025,Greater China,Wholesale,Equipment,69.79,2071
2025,EMEA,Wholesale,Footwear,40.9,1603
2025,North America,Wholesale,Equipment,11.72,3349
2025,EMEA,Wholesale,Equipment,72.08,4318
2025,North America,Wholesale,Footwear,95.09,3342
2025,North America,Wholesale,Apparel,66.89,1968
2025,EMEA,Direct,Equipment,49.18,1771
2025,Greater China,Wholesale,Footwear,57.26,1182
2025,APLA,Wholesale,Equipment,27.97,1828
2025,EMEA,Direct,Apparel,77.55,3951
2025,North America,Direct,Footwear,77.18,2242
